Prov/Muni,NOV-2018,DEC-2018,JAN-2019,FEB-2019,MAR-2019,APR-2019
Abra,156.44,46.99,13.78,12.07,28.52,75.29
Bangued,213.92,62.25,20.98,14.18,26.39,62.92
Boliney,189.24,55.44,17.77,12.16,25.41,60.99
Bucay,237.78,82.34,22.31,15.36,31.3,64.35
Bucloc,141.88,35.19,14.51,8.19,22.54,63.13
Daguioman,227.19,77.38,23.36,14.57,33.39,74.06
Danglas,123.65,32.51,10.53,8.5,21,60.77
Dolores,125.63,30.03,13.08,6.77,23.88,69.76
La Paz,236.6,85.15,22.06,14.92,34.05,77.85
Lacub,143.16,43.74,12.23,12.43,26.14,68.73
Lagangilang,134.16,28.16,13.46,7.94,25.64,78.14
Lagayan,236.76,85.89,23.52,17.67,37.52,83.31
Langiden,81.51,14.35,5.29,9.78,21.5,69.71
Licuan-Baay,147.97,41.18,14.43,12.18,29.72,81.67
Luba,70.58,9.39,5.28,10.86,24.98,74.14
Malibcong,163.38,42.47,14.88,14.33,32.6,98.09
Manabo,76.34,21.43,4.95,8.31,19.62,55.74
Penarrubia,100.65,17.52,6.19,12.21,26.5,83.77
Pidigan,144.17,29.36,10.31,11.67,30.99,98.89
Pilar,216.32,75.92,19.6,15.05,35.6,94.54
Sallapadan,102,30.07,8.02,10.62,23.7,63.71
San Isidro,115.4,25.1,8.86,10.58,26.1,81.69
San Juan,187.44,60.37,14.99,11.73,32.64,86.76
San Quintin,202.86,71.65,18.29,15.02,35.21,88.4
Tayum,86.63,20.52,7.58,9.56,21.98,61.99
Tineg,144.87,45.74,12.2,11.52,28.05,72.09
Tubo,174.11,59.02,13.04,12.33,32.08,79.09
Villaviciosa,156.34,55.41,11.66,12.65,35.92,85.69
Agusan del Norte,301.27,455.75,478.05,367.83,311.63,205.81
Buenavista,357.63,576.59,547.58,398.8,327.89,239.02
Butuan City,352.23,599.32,559.18,429.87,357.06,244.05
Cabadbaran City,336.03,575.89,568.98,447.23,371.72,242.05
Carmen,300.95,482.17,516.43,391.42,321.95,218.21
Jabonga,292.08,462.44,495.69,373.56,322.14,214.14
Kitcharao,275.27,396.28,423.37,334.42,281.57,171.76
Las Nieves,260.88,354.95,409.79,334.88,272.09,165.73
Magallanes,246.42,317.99,395.83,339.66,263.79,160.96
Mainit Lake,283.53,368.03,386.24,312.07,277.19,171.5
Nasipit,265.36,339.73,391.7,319.29,270.55,172.08
Remedios T. Romualdez,273.26,325.87,378.34,299.01,263.76,173.73
Santiago,266.15,345.15,426.41,310.23,286.05,191.83
Tubay,266.11,355.76,439.21,301.61,297.6,194.35
Agusan del Sur,281.01,438.37,499.67,318.92,355.92,240.53
Bayugan City,326.95,557.13,577.48,418.48,397.57,256.47
Bunawan,306.28,477.6,550.78,376.3,369.93,236.21
Esperanza,286.29,425.26,511.65,335.16,341.19,217.82
La Paz,267.49,401.98,482.92,306.93,329.44,206.91
Loreto,256.34,421.22,511.92,318.85,352.71,215.59
Prosperidad,266.78,412.99,483.53,310.17,344.31,225.36
Rosario,286.36,460.73,512.57,321.89,357.29,246.77
San Francisco,291.73,459.45,508.8,317.53,360.41,257.82
San Luis,294.48,449.63,497.14,307.09,364.89,264.12
Santa Josefa,304.46,503.67,565.56,334.79,402.25,284.78
Sibagat,281.35,434.81,482.05,301.68,362.01,262.79
Talacogon,259.67,422.84,467.78,287.76,370.81,256.79
Trento,268.59,397.91,423.18,274.35,337.67,252.36
Veruela,275.57,428.41,473.42,297.01,364.62,260.39
Aklan,358.68,291.37,147.18,88.48,113.24,73.36
Altavas,320.64,256,123.04,63.76,63.5,56.22
Balete,340.28,265.6,141.62,72.5,82.32,60.56
Banga,368.74,285.54,152.69,84.22,90.19,63.85
Batan,370.6,290.26,149.74,86.14,89.71,63.26
Buruanga,361.27,264,138.29,81.01,97.24,70.52
Ibajay,368.43,266.57,141.34,84.03,105.22,75.4
Kalibo,350.48,245.97,136.2,86.2,104.75,75.14
Lezo,349.89,245.77,139.66,86.76,98.3,72.49
Libacao,381.85,311.8,158.69,93.89,122.23,75.87
Madalag,376.01,324.78,166.54,104.35,133.67,75.55
Makato,352.11,295.19,138.36,82.66,109.64,74.06
Malay,373.08,325.5,160.2,101.37,139.76,78.52
Malinao,355.34,310.88,155.85,99.55,128.41,76.53
Nabas,352.5,311.85,155.35,101.6,140.91,82.65
New Washington,358.33,304.95,141.93,100.39,143.66,86.27
Numancia,318.61,263.56,111.72,65.47,129.62,88.23
Tangalan,315.2,261.72,109.37,63.07,126.76,86.06
Albay,376.06,434.06,250.76,166.36,161.94,126.38
Bacacay,456.16,476.65,269.88,189.01,203.53,155.27
Bato Lake,463.64,489.97,284.34,223.21,216.48,171.36
Camalig,420.21,456.47,251.01,170.98,177.97,141.96
Daraga,427.97,476.61,284.89,199.81,187.12,150.15
Guinobatan,393.9,437.02,227.52,152.43,153.55,125.38
Jovellar,439.74,496.3,303.9,204.3,209.68,163.28
Legazpi City,374.63,427.08,231.52,158.04,143.83,118.71
Libon,448.15,505,308.07,194.87,225.55,166.11
Ligao City,367.78,431.95,247.6,164.31,153.81,123.53
Malilipot,492.61,532.06,349.31,219.76,262.88,182.1
Malinao,392.12,462.25,297.31,197.5,176.95,142.32
Manito,349.77,405.85,234.24,144.07,138.63,104.44
Oas,352.6,425.27,241.9,153.46,150.06,114.77
Pio Duran,293.27,374.07,186.31,119.24,108.98,87.48
Polangui,333.69,407.4,236.86,163.66,141.71,115.78
Rapu-Rapu,311.56,374.43,201.92,129.03,118.32,91.81
Santo Domingo,334.06,401.96,241.3,172.65,138.96,119.33
Tabaco City,311.29,367.1,208.19,136.2,118.05,90.75
Tiwi,304.46,380.92,237.36,160.69,136.63,105.63
Antique,241.8,172.22,73.42,38.92,55.4,52.62
Anini-Y,218.03,158.97,69.13,34.4,22.6,31.64
Barbaza,157.66,112.57,46.19,22.94,20.77,25.2
Belison,238.97,168.03,69.89,35.32,31,36.13
Bugasong,359.69,283.64,146.94,77.67,85.71,60.93
Caluya,393.19,332.82,158.12,84.1,102.33,71.15
Culasi,304.57,257.04,89.88,45.84,87.84,74.49
Hamtic,274.95,197.47,73.7,40.19,65.21,58.96
Laua-An,251.7,182.38,66.33,35.11,63.82,56.54
Libertad,231.05,158.94,57.92,31.39,53.26,51.03
Pandan,223.63,144.68,53.27,28.74,47.31,50.9
Patnongon,211.35,126.41,52,27.71,45.64,55.97
San Jose,206.43,129.76,54.75,30.86,49.92,58.17
San Remigio,196.2,117.56,51.46,26.57,45.75,60.23
Sebaste,194.02,115.38,50.7,27.61,43.48,52.47
Sibalom,185.07,107.17,47.22,27.95,39.59,44.16
Tibiao,187.57,96.26,42.77,27.14,35.75,38.22
Tobias Fornier,188.39,108.26,47.41,25.03,40.62,40.82
Valderrama,157.78,96.67,37.34,17.69,29.57,34.67
Apayao,372.46,155.14,48.95,29.89,59.75,68.86
Calanasan,334.71,140.57,46.78,31.65,86.84,73.15
Conner,363.06,159.39,58.19,38.05,65.6,65.05
Flora,387.32,155.38,52.75,31.9,55.15,67.55
Kabugao,403.41,161.25,50.82,26.75,47,67.25
Luna,400.08,168.44,47.73,25.33,47.04,69.13
Pudtol,355.35,146.72,35.19,24.75,45.63,70.67
Santa Marcela,344.24,151.39,32.27,23.72,41.49,69.29
Aurora,453.72,301.63,130.37,104.26,154.92,125.22
Baler,574.99,465.96,140.57,120.85,162.53,115.24
Casiguran,570.26,471.41,157.14,126.01,194.12,121.96
Dilasag,512.76,388.45,142.11,109.07,173.05,108.76
Dinalungan,468.11,330.95,126.93,94.61,150.94,109.78
Dingalan,380.47,211.47,113.53,96.55,142.2,130.16
Dipaculao,365.49,176.22,129.08,113.52,161.57,155.74
Maria Aurora,384.09,165.96,134.88,110.1,148.23,149.95
San Luis,396.12,225.97,95.46,64.14,97.15,103.22
Basilan,158.13,117.78,100.79,81.77,97.89,115.4
Akbar,157.67,120,80.61,64.54,74.59,95.63
Al-Barka,121.89,87.08,56.86,47.92,54.36,74.67
Hadji Mohammad Ajul,154.56,121.33,102.9,74.75,102.63,119.25
Isabela City,154.24,118.03,100.08,90.68,96.01,116.62
Lamitan City,139.1,102.45,91.2,78.8,88.24,104.22
Lantawan,168.02,132.5,110.02,87.19,107.2,127.05
Maluso,160.11,113.74,104.13,86.38,106.9,122.99
Sumisip,180.33,126.99,117.84,97.61,115.72,134.43
Tipo-Tipo,151.88,118.48,114.83,88.48,103,123.33
Tuburan,195.34,137.04,112.77,93.89,113.07,122.74
Ungkaya Pukan,130.61,93.13,81.67,51.96,76.17,81.1
Bataan,99,48.51,4.36,3.57,3.83,20.78
Abucay,94.41,40.59,3.66,5.96,9.11,25.85
Bagac,91.67,46.66,3.76,3.01,4.15,21.45
Balanga City,102.33,41.99,3.73,2.34,3.4,22.8
Dinalupihan,109.28,48.6,3.84,2.66,3.59,22.46
Hermosa,116.72,56.36,3.98,2.11,3.4,23.77
Limay,98.77,50.59,4.36,4.43,3.44,19.45
Mariveles,113.46,55.22,4.69,4.44,3.98,21.68
Morong,93.95,46.12,4.05,4.52,3.18,20.64
Orani,93.39,48.9,5.61,2.97,3.36,17.73
Orion,97.48,53.08,6.05,3.15,2.96,16.85
Pilar,74,48.02,4.75,2.79,2.31,14.82
Samal,88.25,44,5.38,3.78,2.86,16.13
Batanes,221.26,101.2,122.07,83.3,70.16,45.41
Basco,147.17,71.98,75.91,35.69,27.81,31.15
Itbayat,207.23,93.22,119.07,75.61,62.09,45.33
Ivana,256.63,119.01,148.96,129.99,108.73,53.85
Mahatao,244.11,111.98,131.97,97.53,84.12,48.17
Sabtang,264.38,126.08,145.46,114.97,97.54,51.45
Uyugan,228.38,97.56,112.37,63.8,58.83,41.34
Batangas,175.89,141.2,34.51,21.41,24.93,34.52
Agoncillo,119.77,75.75,4.91,4.27,2.25,20.24
Alitagtag,154.92,124.72,26.79,14.91,21.3,32.75
Balayan,150.33,102.03,16.71,8.92,11.44,28.15
Balete,173.3,141.15,34.35,19.5,28.12,37.99
Batangas City,132.49,98.01,21.73,12.31,14.11,27.85
Bauan,236.45,173.06,21.38,13.81,20.42,30.17
Calaca,187.68,148.39,30.04,21.5,25.91,35.84
Calatagan,104.53,93.99,19.75,12.14,5.58,21.65
Cuenca,151.38,113.98,23.08,11.91,11.83,26.42
Ibaan,191.57,144.34,24.92,14.97,17.6,28.32
Laurel,239.63,174.7,22.82,16.55,20.98,31.3
Lemery,233.27,181.48,33.26,23.78,29.77,41.02
Lian,129.89,119.85,27.85,20.66,17.01,29.74
Lipa City,162.86,134.13,24.6,16.75,15.59,27.88
Lobo,186.62,144.12,35.65,24.47,29.62,39.36
Mabini,123.55,110.02,21.61,15.87,8.53,21.97
Malvar,172.41,139.17,26.55,17.82,16.88,28.26
Mataas Na Kahoy,220.6,169.24,29.9,19.74,23.59,34.18
Nasugbu,182.24,142.34,33.42,22.08,25.62,35.95
Padre Garcia,204.03,151.61,34.71,22.87,26.11,35.32
Rosario,159.2,142.6,45.29,33.05,36.33,41.84
San Jose,164.12,150.74,53.97,37.93,38.49,39.73
San Juan,175.84,128.45,30.96,20.69,21.1,32.81
San Luis,128.67,126.52,41.03,28.44,31.57,38.22
San Nicolas,135.03,136.22,52.04,35.27,38.82,42.65
San Pascual,192.78,162.8,47.63,30.91,28.47,34
Santa Teresita,205.57,146.54,26.28,16.22,16.12,31.89
Santo Tomas,162.49,132.54,35.68,24.25,26.7,36.24
Taal,138.46,141.25,52.36,35.24,40.36,44.55
Taal lake,192.76,162.2,48.18,26.7,35.19,39.87
Talisay,210.39,182.15,63.12,34.29,46.32,42.94
Tanauan City,214.73,167.24,40.25,19.54,29.06,37.55
Taysan,218.06,183.92,64.29,28.71,45.17,44.69
Tingloy,213.66,165.27,35.63,14.59,25.34,38.41
Tuy,215.06,169.47,50.36,22.16,34.08,42.18
Benguet,126.41,51.23,12.05,20.08,45.09,110.64
Atok,117.07,36.42,10.77,17.02,45.77,101.33
Baguio City,122.14,38.04,10.17,18.23,51.29,108.47
Bakun,142.66,51.01,13.75,24.79,63.14,126.34
Bokod,134.97,42.64,11.77,14.33,54.42,106.71
Buguias,132.84,47.44,11.07,18.7,48.73,109.41
Itogon,129.01,50.27,12.57,22.51,48.82,112.1
Kabayan,123.61,50.43,11.71,24.49,45.35,110.09
Kapangan,105.72,40.75,10.24,24.16,36.78,107.62
Kibungan,114.77,50.12,12.64,22.38,37.89,105.95
La Trinidad,146.55,70.84,19.26,44.68,47.97,128.7
Mankayan,121.86,57.14,12.93,19.87,34.22,112.59
Sablan,117.37,61.92,8.71,13.24,34.25,110.55
Tuba,123.85,66.5,10.74,10.41,31.29,106.19
Tublay,110.35,60.25,9.92,6.35,26.18,88.7
Biliran,319.99,392.98,316.4,184.49,192.65,112.64
Almeria,310.39,366.53,299.29,176.19,181.6,105.26
Biliran,316.67,378.73,308.21,179.46,191.16,107.72
Cabucgayan,300.16,370.69,309.77,182.55,179.35,107.29
Caibiran,320.5,402.58,317.39,188.2,203.71,115.62
Culaba,316.76,386.21,312.48,181.84,178.1,112.19
Kawayan,328.19,412.16,321.29,188.13,197.5,116.72
Maripipi,330.69,409.65,324.57,186.96,205.63,117.25
Naval,334.07,415.94,338.37,192.62,204.42,118.73
Bohol,214.41,211.46,181.61,113.43,118.53,65.79
Albuquerque,219.75,260.29,263.33,149.88,119.3,68.29
Alicia,196.63,227.51,217.97,127.81,103.86,59.72
Anda,189.73,237.21,277,162.29,99.01,60.06
Antequera,240.2,259.67,219.2,135.89,123.83,71.72
Baclayon,201.64,246.17,241.78,139.63,113.63,67.54
Balilihan,224.98,242.66,204.37,133.12,126.34,71.61
Batuan,185.28,207.34,179.93,112.66,97.45,59.75
Bien Unido,214.72,233.37,193.99,130.04,127.48,69.49
Bilar,243.31,269.81,237.34,146.03,133.81,79.16
Buenavista,218.5,230.14,188.55,125.01,117.19,67.07
Calape,218.89,228.96,197.26,133.79,130.65,70.96
Candijay,235.85,252.65,229.06,144.77,129.96,80.41
Carmen,221.43,214.27,175.47,117.05,120.63,66.88
Catigbian,225.91,219.35,215.4,141.69,132.98,73.96
Clarin,236.18,252.46,247.52,152.72,133.24,80.87
Corella,221.61,213.92,163.64,108.47,108.61,69.38
Cortes,215.11,201.92,158.4,103.98,118.52,64.74
Dagohoy,223.42,205.79,186.22,121.56,129.16,64.42
Danao,229.16,211.46,216.63,141.19,135.28,72.51
Dauis,231.05,232.95,220.2,138.77,124.34,78.19
Dimiao,209.6,186.87,131.67,94.95,108.78,68.62
Duero,214.35,203.76,156.34,101.09,113.04,64.66
Garcia Hernandez,226.92,203.81,188.53,120.73,132.35,62.09
Guindulman,228.31,198.8,203.77,135.96,131.9,70.2
Inabanga,229.05,229,194.68,126.63,120.15,75.82
Jagna,218.42,201.15,146.5,96.36,111.11,67.49
Jetafe,232.06,204.4,189.75,116.21,129.67,60.45
Lila,231.35,228.37,202.63,132.85,134.05,67.74
Loay,231.65,235.16,212.12,136.44,133.74,69.03
Loboc,230.72,236.99,201.6,132.55,123.76,78.96
Loon,205.83,182.22,130.88,90.14,107.28,71.42
Mabini,227.78,217.53,161.41,96.12,117.09,55.9
Maribojoc,249.97,245.59,195.12,104.78,134,48.17
Panglao,234.39,236.54,193.83,124.62,135.48,63.75
Pilar,236.56,252.35,219.1,140.87,131.77,74.8
Pres. Carlos P. Garcia,197.86,166.3,123.51,83.01,106.47,72.55
Sagbayan,205.13,182.86,140.52,84.53,108.63,61.55
San Isidro,237.38,239.84,181.96,94.16,123.25,48.66
San Miguel,234.01,244.48,188.58,107.16,126.78,56.17
Sevilla,230.03,246.02,205.79,124.74,129.95,65.22
Sierra Bullones,193.54,167.01,141.55,88.13,108.26,74.29
Sikatuna,194.84,166.69,132.57,78.1,106.28,63.82
Tagbilaran City,194.05,166.55,133.44,78.22,106.72,62.69
Talibon,215.53,217.16,178.48,97.1,122.19,55.56
Trinidad,176.74,136.46,115.22,75.13,105.25,77.89
Tubigon,198.79,181.69,144.79,81.19,112.15,56.39
Ubay,185.42,170.48,145.4,83.39,107.08,58.15
Valencia,64.71,59.54,56.88,30.73,31.22,20.55
Bukidnon,225.88,215.03,169.42,155.64,188.5,156.76
Baungon,252.49,297.65,239.31,188.91,215.17,131.44
Cabanglasan,227.06,262.49,217.6,166.96,198.6,124.46
Damulog,182.46,187.07,149,117.69,147.68,96.73
Dangcagan,226.5,250.93,213.25,169.88,194.53,125.71
Don Carlos,183.15,182.16,133.29,108.37,142.61,100.77
Impasug-Ong,218.3,221.86,165,138.04,169.01,124.07
Kadingilan,230.33,223.46,178.21,154.81,183.78,142.42
Kalilangan,226.3,195.86,140.02,137.32,168.65,130.5
Kibawe,258.58,240.64,153.27,148.65,187.03,143.73
Kitaotao,234.15,219.06,169.82,157.41,189.56,144.48
Lantapan,270.19,244.19,131.32,143.4,179.17,133.32
Libona,252.52,233.22,174.23,161.12,195.72,158.14
Malaybalay City,233.63,210.45,157.7,154.66,185.52,152.76
Malitbog,225.22,217.2,193.29,172.93,203.53,171.37
Manolo Fortich,248.1,232.12,157.8,158.58,193.7,166.3
Maramag,223.72,196.92,159.84,152.66,187.25,170.51
Pangantucan,216.88,192.8,175,163.92,194.65,173.42
Quezon,232.21,212.09,178.44,172.31,204.51,180.83
San Fernando,210.81,192.24,169.55,160.95,192.36,184.61
Sumilao,223.97,209.83,178.81,168.35,200.28,187.13
Talakag,210.79,198.76,168.4,160.09,196.3,188.09
Valencia City,199.68,185.57,160.48,148.21,189.05,186.15
Bulacan,190.98,123,31.63,23.8,36.41,50.76
Angat,199.18,110.81,34.97,25.21,39.07,52.83
Balagtas,233.66,137.15,40.91,29.61,45.78,57.31
Baliuag,225.59,134.84,43.73,32.14,50.57,65.77
Bocaue,286.28,176.36,54.07,38.62,60.92,73.83
Bulacan,215.12,134.51,42.44,32.66,49.78,65.34
Bustos,303.15,194.66,57.04,42.22,62.97,79.45
Calumpit,212.43,132.84,42.31,34.21,47.45,63.84
Dona Remedios Trinidad,221.54,153.01,43.3,33.85,47.62,63.94
Guiguinto,186.9,112.1,30.29,22.32,34.8,48.1
Hagonoy,113.03,72.41,15.55,13.73,21.55,39.86
Malolos City,107.8,87.49,23.61,18.37,28.58,46.38
Marilao,138.9,116.49,28.45,22.6,35.63,54.78
Meycauayan City,264.95,200.39,49.12,37.36,55.71,70.23
Norzagaray,203.32,115.46,29.33,21.57,32.75,47.43
Obando,123.68,75,17.57,14.25,22.1,40.04
Pandi,107.02,85.51,21.67,16.03,25.7,42.75
Paombong,122.79,123.74,26.87,20.61,33.5,51.51
Plaridel,295.4,218.38,56.87,40.98,63.36,75.74
Pulilan,191.23,100.16,19.39,13.29,20.87,36
San Ildefonso,144.88,84.21,15.42,11.46,18.12,32.3
San Jose del Monte City,187.31,145.47,34.61,25.15,41.41,55.85
San Miguel,182.06,101.03,16.11,11.46,19.74,31.87
San Rafael,142.28,90.05,21.23,15.77,25.98,30.89
Santa Maria,149.97,64.98,12.62,7.47,17.35,22.47
Cagayan,371.67,206.57,72.4,37.69,56.55,50.41
Abulug,309.67,139.01,122.79,57.35,55.28,40.75
Alcala,314.11,128.93,83.7,81.88,61.88,28.87
Allacapan,245,109.36,62.11,43.19,46.22,26.98
Amulung,285.11,155.62,80.75,45.47,64.71,35.63
Aparri,275.5,127.48,41.91,17.92,102.41,59.65
Baggao,326.38,177.84,68.39,34.27,89.63,62.22
Ballesteros,355.44,209.15,86.43,39.36,69.2,50.7
Buguey,360.81,255.94,116.95,47.84,56.53,39.74
Calayan,340.03,236.35,110.45,50.56,56.15,39.92
Camalaniugan,462.5,300.9,101.92,40.59,60.33,52.04
Claveria,326.2,229.99,98.33,49.87,54.53,42.1
Enrile,353.88,246.44,90.82,41.61,53.28,45.02
Gattaran,440.91,275.32,90.54,41.86,58.8,54.66
Gonzaga,417.07,229.24,69.21,35.91,49.91,52.5
Iguig,389.88,161.74,48.49,24.03,37.44,52.91
Lal-Lo,435.18,217.47,65.52,33.93,48.93,54.43
Lasam,423.09,174.56,47.48,22.63,37.71,56.71
Pamplona,462.2,249.72,67.17,37.31,53.11,56.34
Penablanca,390.31,186.04,57.77,30.82,46.97,54.06
Piat,390.42,211.52,65.43,34.93,50.38,48.55
Rizal,539.73,334.55,84.13,52.15,57.92,63.13
Sanchez-Mira,257.34,140.18,46.04,22.24,41.8,48.16
Santa Ana,336.24,189.23,57.99,31.51,46.85,49.5
Santa Praxedes,525.27,325.92,75.68,48.94,55.51,60.18
Santa Teresita,312.7,156.38,49.74,26.92,42.79,52.94
Santo Nino,351.16,188.24,52.58,27.83,43.32,46.36
Solana,374.47,217.43,60.14,34.02,45.87,51.34
Tuao,432.73,260.3,67.26,40.55,51.91,56.07
Tuguegarao City,471.45,290.05,72.6,43.83,54.4,56.72
Camarines Norte,524.39,582.63,244.96,162.33,193.34,113.17
Basud,384.73,415.33,168.25,109.48,114.06,74.88
Capalonga,499.55,573.14,204.59,133.64,163.14,94.17
Daet,510.85,607.61,239.4,158.62,186.52,110.6
Jose Panganiban,511.8,575.56,196.15,133.33,174.21,93.72
Labo,539.54,615.28,248.15,165.81,202.94,114.64
Mercedes,554.04,610.74,254.56,176.73,211.33,122.45
Paracale,515.52,587.54,238.08,157.27,185.32,113.09
San Lorenzo Ruiz,619.63,642.09,317.49,221.09,252.09,146.61
San Vicente,549.75,620.05,305.45,197.57,222.1,137.07
Santa Elena,591.58,624.43,292.51,193.07,229.46,137.62
Talisay,556.83,600.51,293.91,185.58,210.96,127.33
Vinzons,511.83,564.08,262.85,165.22,200.32,117.29
Camarines Sur,404.96,443.96,205.87,133.23,142.54,96.64
Baao,503.74,558.19,257.05,153.17,185.69,108.54
Balatan,461.05,509.7,247.77,148.72,172.18,99.88
Bato,399.51,446.43,162.6,100.37,129.99,66.1
Bato Lake,521.5,577.67,264.75,173.04,205.27,116.57
Bombon,470.45,510.23,247.27,151.27,168.47,103.16
Buhi,467.78,518.12,244.19,149.5,160.69,98.63
Buhi Lake,505.48,574.07,227.44,154.93,193.52,115.32
Bula,509.86,559.12,253.47,164.9,193.88,112.83
Cabusao,470.5,501.08,254.23,150.64,159.89,104.02
Calabanga,446.57,501.33,234.5,145.24,156.4,96.32
Camaligan,476.1,553.61,225.05,150.42,180.56,102.78
Canaman,470.91,538.33,236.32,153.95,180.9,104.61
Caramoan,447.98,499.3,241.86,150.23,165.99,102.5
Del Gallego,448.69,489.19,248.53,152.28,171.55,108.19
Gainza,474.85,508.6,284,171.79,175.16,107.77
Garchitorena,417.32,469,210.26,136.37,149.77,91.58
Goa,455.16,490.97,266.4,161.15,177.66,114.21
Iriga City,385.61,450.09,186.63,126.01,134.44,83.37
Lagonoy,429.56,456.92,222.59,147.59,155.58,104.19
Libmanan,398.55,434.73,205.34,134.05,136.69,91
Lupi,355.86,407.51,162.41,109.97,116.28,83.97
Magarao,408.98,438.58,214.44,121.21,169.56,110.85
Milaor,449.51,459.84,251.33,165.75,169.42,117.52
Minalabac,359.16,398.09,167.58,109.69,118.6,77.2
Nabua,314.74,372.78,148.87,107.47,100.82,78.68
Naga City,314.32,356.35,137.59,98.94,97.03,80.52
Ocampo,403.88,434.52,195.3,109.58,149.19,103.12
Pamplona,424.55,458.2,231.51,152.44,156.72,109.88
Pasacao,334.66,375.27,154.5,105.43,106.63,78.77
Pili,294.49,306.86,129,95.85,89.18,79.74
Presentacion,382.06,403.57,206.52,139.87,140.67,100.24
Ragay,304.8,317.17,142.38,101.82,94.33,85.24
Sagnay,387.99,422.38,223.29,148.72,151.83,113.48
San Fernando,330.55,360.05,145.32,94.17,98.51,79.84
San Jose,360.43,374.84,163.44,114.75,106.36,92.86
Sipocot,384.47,409.75,190.84,126.02,127.57,101.5
Siruma,394.62,427.93,196.57,129.66,133.77,103.11
Tigaon,370.87,405.43,186.83,125.81,116.69,93.94
Tinambac,373.73,405.62,189.98,125.99,117.71,95.51
Camiguin,249.59,342.48,365.35,184.9,169.13,68.29
Catarman,257.45,361.78,393.34,185.59,173.03,63.63
Guinsiliban,259.71,370.34,385.14,188.24,180.12,65.66
Mahinog,259.81,380.79,394.34,199.18,196.68,68.08
Mambajao,247.9,337.65,355.01,182.59,168.84,69.81
Sagay,224.7,270.6,304.41,174.6,135.03,75.01
Capiz,279.24,231,127.06,82.68,107.94,68.9
Cuartero,264.59,217.33,112.98,64.06,78.96,54.99
Dao,277.08,230,119.86,71.68,89.39,60.62
Dumalag,259.12,217.56,120.91,69.29,93.5,56.94
Dumarao,293.43,250.92,137.11,86.84,112.15,70.78
Ivisan,224.2,192.61,113.25,68.41,90.95,57.82
Jamindan,291.73,245.42,141.75,88.7,116,68.46
Ma-Ayon,316.58,274.37,170.64,97.43,140.99,66.18
Mambusao,303.11,251.25,122.78,85.4,119.64,81.08
Panay,264.19,213.19,121.54,84.61,97.31,69.49
Panitan,257.54,217.66,141.9,85.96,113.37,60.3
Pilar,307.05,251.81,139.46,85.1,135.79,75.34
Pontevedra,283.38,230.24,120.31,88.28,106.98,82.03
President Roxas,267.17,219.12,125.04,87.16,97.18,71.32
Roxas City,283.01,222.25,116.04,77.51,113.77,73.91
Sapi-An,281.93,237.98,120.59,92.58,101.4,72.72
Sigma,262.24,212.36,124.81,84.6,100.93,62.09
Tapaz,266.07,212.15,105.46,77.94,100.72,72.47
Catanduanes,464.38,490.98,317.37,159.53,173.62,116.78
Bagamanoc,460.61,480.21,271.57,153.33,163.24,93.29
Baras,492.18,496.45,293.22,158.7,177.29,101.92
Bato,495.43,497.94,302.6,162.01,176.24,105.43
Caramoran,500.44,501.55,307.01,160.33,181.69,110.97
Gigmoto,483.64,508.55,316.48,164.55,184.95,114.74
Pandan,474.67,502.33,328.93,164.61,184.67,121.22
Panganiban,468.14,503.9,343.05,165.27,183.9,125.93
San Andres,469.87,506.21,349.01,163.23,183.47,126.45
San Miguel,453.79,494.39,344.66,161.65,176.83,127.19
Viga,445.15,493.3,349.75,157.89,167.21,128.65
Virac,383.76,421.75,262.77,145.48,133.93,114.26
Cavite,121.76,80.94,16.58,11.17,13.83,24.41
Alfonso,86.54,23.48,5.53,2.6,3.1,11.23
Amadeo,68.19,40.67,4.75,3.8,3.86,13.68
Bacoor,78.9,20.65,5.17,3.59,2.85,12.23
Carmona,97.61,56.79,10.38,7.54,5.36,16.41
Cavite City,57.99,54.97,5.11,5.76,3.96,15.42
Dasmarinas,84.42,67.11,12.44,8.4,7.2,17.31
General Emilio Aguinaldo,115.29,71.84,9.46,9.52,5.46,18.23
General Mariano Alvarez,98.72,74.33,8.2,9.67,5.3,18.73
General Trias,107.39,96.32,22.64,13.69,14.68,21.89
Imus,128.25,75.03,9.03,6.08,5.1,21.4
Indang,110.83,63.01,6.95,10.02,4.79,20.7
Kawit,97.78,82.15,17.13,12.26,13.33,23.44
Magallanes,120.06,112.22,28.88,17.16,21.49,25.8
Maragondon,118.41,68.12,7.53,7.47,6.46,23.81
Mendez,150.3,103.51,20.09,14.02,21.98,28.68
Naic,151.59,116.58,26.82,17.49,25.61,30.62
Noveleta,109.32,70.28,8.17,8.36,5.43,25.08
Rosario,108.77,61.69,10.75,11.33,9.74,28.07
Silang,164.64,101.62,26.18,17.85,28.2,35.47
Tagaytay City,148.69,98.64,21.18,12.15,17.27,30.64
Tanza,157.47,101.54,27.83,18.19,28.47,35.12
Ternate,172.75,125.04,32.13,13.48,26.75,34.98
Trece Martires City,162.46,103.42,25.43,10.46,20.55,33.53
Cebu,195.71,180.8,145.61,88.54,103.17,63.57
Alcantara,171.81,187.49,148.57,80.33,68.07,48.76
Alcoy,227.85,215.66,181.77,94.34,85.79,61.75
Alegria,233.08,212.88,192.3,100.35,92.57,66.76
Aloguinsan,232.68,204.2,187.18,98.97,91.79,69.4
Argao,213.22,185.15,170.16,90.34,81.84,67.85
Asturias,171.64,132.5,137.7,74.39,65.83,60.51
Badian,174.51,130.93,135.8,70.75,72.07,64.76
Balamban,191.74,163.9,159.82,84.89,87.48,68.77
Bantayan,212.24,202.93,196.71,103.18,104.15,65.21
Barili,222.09,225.61,223.3,115.5,114.13,70.31
Bogo City,194.74,181.64,172.44,97.15,102.03,51.93
Boljoon,230.98,256.26,240.3,127.03,128.27,79.88
Borbon,220.28,208.61,202.58,109.47,101.55,59.59
Carcar,204.92,216.54,194.16,109.38,117.82,63.86
Carmen,252.98,284.35,267.84,138.54,142.79,96.27
Catmon,214.22,193.62,183.67,101.81,99.49,55.91
Cebu City,218.17,231.33,207.92,115.77,120.64,72.94
Compostela,191.7,196.28,162.67,97.17,111.31,59.47
Consolacion,201.47,191.38,163.8,97.01,97.46,65.85
Cordoba,174.26,175.12,141.62,88.43,102.18,62.54
Daanbantayan,179.4,177.86,140.16,88.78,97.81,63.95
Dalaguete,167.23,170.53,145.55,91.05,96.19,63.55
Danao City,180.77,173.7,115.71,81.87,90.33,68.15
Danao Lake,154.27,158.91,120.6,81.13,94.57,64.48
Dumanjug,162.36,166.43,136.47,86.78,87.6,61.16
Ginatilan,188.83,172.02,114,84.07,83.91,68.42
Lapu-Lapu City,148.05,143.2,113.86,80.46,84.83,61
Liloan,141.07,127.55,79.29,46.94,40.41,21.49
Madridejos,165.59,159.37,102.11,81.22,90.82,71.28
Malabuyoc,141.04,137.56,100.55,75.04,76.1,56.99
Mandaue City,156.54,145.51,119.29,83.42,74.03,49.99
Medellin,184.8,174.59,110,84.85,90.28,71.6
Minglanilla,164.73,160.41,94.42,81.18,86.5,75.97
Moalboal,148.53,140.83,113.44,82.3,72.4,52.95
Naga City,190.04,180.19,110.48,81.9,96.1,72.1
Oslob,182.63,185.77,128.24,91.35,87.72,74.48
Pilar,195.77,184.67,114.14,81.93,98.46,70.66
Pinamungahan,201.73,187.82,111.83,83.36,101.71,73.89
Poro,193.76,174.2,114.37,83.88,98.36,72.91
Ronda,228.83,198.21,123,83.98,123.42,63.66
Samboan,212.71,186.28,118.29,83.86,112.01,68.98
San Fernando,215.51,184.35,119.85,83.55,118.76,64.3
San Francisco,212.27,177.97,122.3,81.6,116.85,63.64
San Remigio,198.58,167.81,122.32,81.81,110.84,63.43
Santa Fe,198.54,170.92,123.15,82.36,116.24,63.11
Santander,204.99,180.77,126.11,83.54,125.63,63.03
Sibonga,201.56,176.46,127.89,84.34,126.52,62.78
Sogod,211.24,186.3,133.66,85.35,130.7,60.64
Tabogon,211.16,191.08,140.07,86.05,136.31,57.94
Tabuelan,223.06,199.65,145.56,86.21,149.12,54.51
Talisay City,226.63,201.42,150.2,87.7,157.84,51.99
Toledo City,207.82,173.57,132.71,81.07,143.71,54.62
Tuburan,192.27,153.57,120.2,73.53,126.47,53.05
Tudela,181.84,141.09,111.35,67.39,113.2,50.94
Compostela Valley,235.82,326.8,375.92,272.43,275.69,208.97
Compostela,260.23,415.2,454.23,287.42,368.15,256.75
Laak,259.61,396.71,443.16,296.75,346.38,250.81
Mabini,240.03,363.27,421.2,303.99,317.49,241.82
Maco,222.16,345.02,418.95,297.25,293.73,223.52
Maragusan,219.94,346.18,436.49,302.5,279.91,211.68
Mawab,209.42,336.8,424.76,292.12,264.43,192.96
Monkayo,213.36,314.69,387.54,281.09,259.02,188.68
Montevista,237.05,315.03,358.04,261.39,242.06,185.38
Nabunturan,247.59,303.09,334.38,261.37,248.19,194.47
New Bataan,244.32,274.15,294.44,241.43,232.06,191.61
Pantukan,232.36,247.78,263.24,216.6,212.91,176.05
Davao del Norte,203.19,222.38,258.88,211.61,220.49,193.96
Asuncion,247.48,312.31,311,236.23,287.95,227.09
Braulio E. Dujali,231.98,290.12,301.37,238.48,283.41,223.4
Carmen,236.54,285.21,279.25,235.72,270.57,208.87
Kapalong,207.84,273.63,307.47,243.39,264.9,205.71
New Corella,207.45,234.51,258.35,222.18,236.44,199.26
Panabo City,206.18,214.07,257.27,217.29,221.44,196.64
Samal City,189.45,213.2,290.54,227.23,214.31,189.06
San Isidro,188.55,169.22,243.09,203.56,195.85,191.43
Santo Tomas,185.8,150.85,228.62,196.71,180.66,188.03
Tagum City,196.83,151.67,214.21,189.71,169.38,186.32
Talaingod,168.41,147.85,157.74,133.06,122.41,144.02
Davao del Sur,170.02,149.28,139.69,111.51,125.78,123.83
Bansalan,240.9,212.7,198.11,189.12,213.52,193.66
Davao City,203.6,170.25,148.66,129.15,142.29,163.57
Digos City,184.46,156.78,115.22,102.58,107.89,127.43
Don Marcelino,134.99,109.53,112.43,90.86,92.41,107.96
Hagonoy,81.57,77.61,110.58,83.52,80.76,97.18
Jose Abad Santos,107.02,95.01,108.47,85.84,83,93.39
Kiblawan,119.09,107.58,110.43,90.04,90.65,93.65
Magsaysay,127.35,125.89,111.83,96.08,104.68,94.78
Malalag,142.48,124,117.55,94.65,106.24,92.58
Malita,150.76,142.39,137.27,101.53,123.22,95.89
Matanao,181,190.33,164.22,116.62,148.53,109.62
Padada,202.23,204.45,173.1,121.73,155.08,117.52
Santa Cruz,202.59,190.03,179.18,125.44,155.48,119.79
Santa Maria,189.79,167.23,158.54,110.59,137.9,106.25
Sarangani,189.46,141.17,153.86,93.95,119.68,103.89
Sulop,204.27,172.14,169.01,98.78,138.16,122.37
Davao Oriental,225.72,287.44,321.21,236.72,235.54,202.77
Baganga,325.23,450.54,503.77,342.52,354.86,320.54
Banaybanay,296.88,400.67,429.61,322.1,306.13,286.53
Boston,278.05,357.88,369.9,303.76,288.13,235.94
Caraga,249.27,314.28,316.85,271.93,257.97,210.93
Cateel,242.57,284.44,294.05,246.87,240.16,189.13
Governor Generoso,224.63,252.48,265.8,224.06,219.68,174.41
Lupon,207.96,232.75,254.09,208.24,201.16,167.2
Manay,176.46,208.01,243.5,182.36,170.17,149.92
Mati City,136,169.16,225.58,147.5,146.9,128.37
San Isidro,134.26,194.87,243.79,150.38,176.12,141.03
Tarragona,163.06,190.27,230.48,135.75,161.98,137.09
Dinagat Islands,368.01,522.12,544.61,297.32,308.99,200.84
Basilisa,376.21,506.43,486.29,256.74,281.28,185.86
Cagdianao,380.39,526.34,524.39,281.95,297.8,195.17
Dinagat,367.08,543.49,542.53,303.72,310.78,199.76
Libjo,353.92,525.34,552.6,305.84,305.96,195.02
Loreto,361.14,520.56,567.97,312.33,317.66,203.22
San Jose,376.33,522.36,580.58,312.27,330.83,217.43
Tubajon,364.59,517.91,580.18,323.68,340.25,226.74
Eastern Samar,480.68,582.51,434.28,273.4,286.89,201.7
Arteche,488.87,585.16,445.4,266.55,265.74,168.79
Balangiga,498.73,558.14,445.77,272.96,266.68,184.83
Balangkayan,500.82,561.34,438.64,277.58,272.69,187.68
Borongan City,493.61,538.34,441.59,286.93,269.3,195.64
Can-Avid,475.9,539.1,429.37,278.53,272.13,189.4
Dolores,481.09,556.72,429.05,275.63,290.07,189.48
General Macarthur,492.43,584.8,432.19,272.83,300.7,195.88
Giporlos,501.06,605.46,429.08,273.06,310.54,203.37
Guiuan,518.87,638.85,424.48,274.07,304.7,221.18
Hernani,536.42,660.78,423.25,271.51,301.27,243.77
Jipapad,544.04,666.58,424.62,271.22,307.27,249.61
Lawaan,516.63,652.36,424.67,279.02,301.45,233.41
Llorente,501.82,630.6,426.65,279.47,299.95,219.73
Maslog,475.74,599.14,426.08,275.47,290.9,201.52
Maydolong,472.83,592.71,429.3,277.63,290.14,206.42
Mercedes,468.83,602.58,424.18,281.15,285.92,205.58
Oras,461.19,590.83,429.42,278.14,280.48,205.94
Quinapondan,453.58,582.38,439.74,272.28,284.08,202.32
Salcedo,453.65,579.44,448.41,269.24,287.85,200.39
San Julian,454.24,584.12,451.01,270.72,293.4,202.95
San Policarpo,361.12,463.04,419.22,246.9,244.89,154.6
Sulat,467.51,595.09,471.71,272.34,356.6,213.82
Taft,365.17,475.63,429.29,234.55,243.2,165.87
Guimaras,181.1,143.72,69.61,46.48,54.45,59.87
Buenavista,196.68,146.35,65.66,46.42,57.84,56.76
Jordan,185.1,143.81,65.65,45.58,55.02,57.28
Nueva Valencia,181.42,143.89,67.71,44.62,54.67,57.38
San Lorenzo,191.88,153.79,75.28,46.42,56.15,61.49
Sibunag,160.11,134.36,72.37,48.95,50.37,64.78
Ifugao,223.31,128.05,39.31,44.38,77.75,116.28
Aguinaldo,265.85,149.4,43.94,42.22,71.8,100.96
Alfonso Lista,252.04,135.04,37.89,41.86,74.41,114.82
Asipulo,232.33,131.03,47.74,45.1,78.47,100.89
Banaue,232.14,119.11,37.52,45.87,82.19,128.84
Hingyon,210.65,135.92,48.6,45.92,79.02,95.87
Hungduan,219.54,110.58,37.57,45.93,81.58,126.23
Kiangan,218.71,144.98,47.75,46.05,76.49,95.85
Lagawe,209.3,113.97,34.93,45.04,80.53,129.52
Lamut,195.66,116.33,38.36,44.43,80.44,118.29
Mayoyao,196.42,122.76,37.18,45.5,78.15,122.07
Tinoc,190.75,132.36,33.08,44.02,76.78,123.29
Ilocos Norte,137.81,39.4,15.34,9.99,24.91,35.42
Adams,211.08,72.01,22.75,13.41,65.99,52.36
Bacarra,136.56,43.06,14.04,7.74,18.78,23.19
Badoc,195.49,54.55,20.1,13.15,43.74,42.66
Bangui,176.17,63.44,18.75,12.36,42.8,39.09
Banna,213.42,62.22,22.07,16.48,53.06,49.55
Batac City,159.24,52.38,16.85,10.62,30.57,34.04
Burgos,174.61,53.1,18.1,11.95,33.43,37.58
Carasi,152.37,43.36,17.86,11.84,28.84,35.42
Currimao,254.55,68.29,24.69,19.43,41.83,56.85
Dingras,90.4,23.25,12.09,8.27,17.53,24.44
Dumalneg,166.79,45.1,18.32,12.56,25.34,37.44
Laoag City,148.24,40.3,15.98,11.78,24.13,34.13
Marcos,143.06,39.1,16.66,10.55,20.79,32.14
Nueva Era,130.97,37.74,15.22,10.04,19.88,32.9
Pagudpud,144.92,39.49,17.98,9.71,19.99,34.73
Paoay,34.75,10.1,6.97,3.68,11.32,18.74
Paoay Lake,66.93,16.75,11.4,6.94,14.42,23.46
Pasuquin,114.94,31.23,14.39,7.94,17.06,31.83
Piddig,86.03,20.89,12.54,7.72,15.91,29.33
Pinili,158.98,45.1,17.39,10.05,19.75,43.18
San Nicolas,62.11,19.27,6.44,3.51,11.86,20.92
Sarrat,96,24.04,9.76,6.7,15.22,27.46
Solsona,126.61,31.46,13.04,8.55,17.73,37.32
Vintar,104.86,26.38,9.67,7.61,16.28,39.81
Ilocos Sur,72.79,23.58,6.06,7.64,19.68,41.64
Alilem,43.27,14.76,6.64,2.95,12.23,25.53
Banayoyo,53.81,18.25,6.47,3.36,12.18,28.1
Bantay,57.91,17.9,5.84,2.88,12.98,29.67
Burgos,57.74,18.76,4.58,3.17,12.34,30.43
Cabugao,61.3,20.94,4.15,3.04,11.81,32.75
Candon City,26,14.4,3.08,2.19,11.26,21.98
Caoayan,49.56,16.59,3.26,2.33,10.88,27.24
Cervantes,31.25,11.36,3.36,2.61,11.49,20.42
Galimuyod,52.82,19.39,6.99,3.96,10.99,32.36
Gregorio Del Pilar,56.76,23.03,3.92,3.72,12.45,29.42
Lidlidda,51.68,12.96,4.31,5.36,15.8,38.71
Magsingal,64.95,14.61,5.93,5.37,15.13,36.34
Nagbukel,69.52,18.97,4.95,5.68,14.85,33.54
Narvacan,69.84,21.07,4.92,5.08,14.22,32.39
Quirino,72.82,27.34,6.03,5.75,14.13,30.66
Salcedo,59.77,19.9,5.89,6.31,13.64,25.17
San Emilio,70.14,19.38,6.56,8.03,15.22,29.2
San Esteban,72.56,20.69,6.33,8.05,14.4,25.51
San Ildefonso,109.75,27.54,7.28,9.03,16.64,42.92
San Juan,108.05,30.17,8.23,8.67,22.86,53.8
San Vicente,185.05,64.61,11.27,12.26,37.77,86.92
Santa,51.16,17.34,5.37,8.01,14.8,22.48
Santa Catalina,71.84,25.02,6.29,9.29,17.92,32.46
Santa Cruz,82.76,22.54,6.8,8.27,22.06,46.19
Santa Lucia,98.21,32.38,6.76,13.37,23.42,44.23
Santa Maria,83.74,24.22,7.87,11.09,23.73,54.31
Santiago,79.71,24.06,6.9,8.89,27.55,55.39
Santo Domingo,96.29,32.87,6.81,13.81,26.18,49.77
Sigay,81.24,28.4,6.89,9.77,28.39,54.6
Sinait,94.79,31.23,6.9,13.58,29.47,60.25
Sugpon,95.07,28.43,6.94,13.05,31.87,62.55
Suyo,97.93,34.38,7.85,14.62,37.23,76.95
Tagudin,108.17,43.19,7.05,15.13,38.46,82.36
Vigan City,116.92,38.8,7.31,14.77,36.44,91.02
Iloilo,219.44,163.31,93.64,63.69,77.65,59.62
Ajuy,283.62,240.45,162.9,86.98,96.31,52.59
Alimodian,298.88,254.73,166.91,92.44,108.84,56.1
Anilao,288.2,248.09,164.16,91.86,122.15,59.79
Badiangan,213.29,175.17,101.55,48.36,65.48,21.63
Balasan,280.85,230.56,144.39,90.02,98.6,56.94
Banate,257.85,211.13,134.88,87.26,101.24,56.5
Barotac Nuevo,271.56,217.85,125.54,80.17,96,63.92
Barotac Viejo,260.27,215.31,123.33,89.31,96.2,60.59
Batad,271.5,222.85,137.65,87.66,90.22,55.05
Bingawan,248.56,216.03,117.76,75.31,89.91,68.32
Cabatuan,258.88,213.93,107.34,86.98,97.11,63.87
Calinog,238.61,188.96,109.23,81.42,89.42,53.94
Carles,234.7,183.78,100.23,70.96,86.53,62.59
Concepcion,231.9,183.8,96.27,78.68,87.33,58.18
Dingle,240.87,192.17,112.35,79.46,86.93,54.41
Duenas,239.89,174.83,88.86,65.91,93.3,76.04
Dumangas,232.02,175.17,94.9,78.19,88.62,63.07
Estancia,219.58,173.16,82.79,72.79,74.73,55.22
Guimbal,206.19,164.61,76.92,72.01,67.58,52.59
Igbaras,206.64,172.12,97.35,70.58,70.34,53.05
Iloilo City,228.84,164.26,84.02,66.68,92.45,78.9
Janiuay,221.32,158.05,85.38,70.51,83.09,62.98
Lambunao,228.82,160.72,86.65,66.42,80.33,68.16
Leganes,216.17,147.03,85.31,68.76,77.81,59.29
Lemery,202.57,160.35,81.61,57.01,66.71,63.51
Leon,211.08,144.39,86.72,60.03,83.87,76.66
Maasin,217.89,151.86,85.46,66.23,75.95,60.44
Miagao,200.96,130.81,75.24,47.99,75.49,74.59
Mina,187.96,113.16,82,56.83,76.95,66.15
New Lucena,195.16,127.1,82.22,61.4,75.92,61.03
Oton,211.08,152.25,75.64,51.76,68.93,60.11
Passi City,187.82,107.13,72.82,46.22,67.62,65.65
Pavia,186.06,113.12,73.18,50.44,69.36,58.5
Pototan,201.43,139.69,78.95,57.81,72.72,58.31
San Dionisio,182.07,122.63,63.74,37.28,55.53,56.47
San Enrique,164.09,86.76,64.67,42.37,58.95,58.63
San Joaquin,183.98,119.1,63.38,41.51,57.84,53.98
San Miguel,175.96,117.69,61.63,33.54,52.99,52.65
San Rafael,167.57,114.51,65.67,41.39,52.71,56.7
Santa Barbara,152.92,93.36,56.95,36.7,50.71,54.77
Sara,177.06,123.46,58.61,33.66,47.52,48.7
Tigbauan,156.53,91.33,49.65,30.89,39.69,49.59
Tubungan,148.31,107.54,49.48,29.84,37.42,46.18
Zarraga,146.51,98.05,44.42,25.91,32.21,41
Isabela,421.78,280.12,86.06,63.61,88.05,76.26
Alicia,402.13,252.35,66.81,38.68,50.88,53.74
Angadanan,465.89,298.97,77.83,46.5,60.41,61.02
Aurora,228.98,170.81,56.34,28.6,47.01,46.94
Benito Soliven,544.94,350.1,87.44,56.15,67.66,68.88
Burgos,255.59,145.64,54.56,30.38,49.98,53.38
Cabagan,455.76,281.78,80.24,49,64.02,66.01
Cabatuan,290.47,162.62,59.73,32.68,52.63,52.71
Cauayan City,550.55,346.18,88.94,53.83,69.59,69.19
Cordon,576.9,359.64,107.09,67.63,88.69,75.17
Delfin Albano,374.72,223.36,65.11,39.04,56.4,58.9
Dinapigue,463.96,288.21,81.15,52.44,69.48,67.42
Divilacan,416.93,260.4,75.53,49.35,66.63,63.14
Echague,426.26,268.73,80.91,55.56,75.53,66.54
Gamu,358.17,201.89,72.3,48.6,74.47,68.39
Ilagan,449.59,292.31,85.84,62.96,81.41,67.08
Jones,303.05,184.77,69.07,50.88,75.16,67.19
Luna,412.82,267.16,88.62,65.93,79.82,63.49
Maconacon,452.03,302.29,97.25,69.48,101.27,77.65
Mallig,311.57,184.29,73.69,55.48,78.52,66.22
Naguilian,454.89,304.86,101.34,74.97,93.51,68.49
Palanan,444.52,305.38,99.67,74.45,101.48,78.77
Quezon,406.43,285.64,89.84,66.7,100.29,84.42
Quirino,266.55,167.38,68.88,52.56,84.92,75.24
Ramon,406.31,288.47,99.18,77.46,100.79,77.01
Reina Mercedes,585.9,420.52,123.02,100.9,117.73,90.65
Roxas,622.87,466.49,141.26,102.39,131.53,92.98
San Agustin,271.09,180.13,64.15,49.03,83.02,81.59
San Guillermo,456.93,322.21,102.24,82.7,108.16,87.48
San Isidro,218.41,138.99,52.38,39.76,79.01,83.86
San Manuel,254.33,168.46,53.47,37.24,72.04,81.23
San Mariano,410.26,293.86,91.09,75.39,105.23,89.27
San Mateo,457.79,332.61,104.42,83.76,114.49,95.21
San Pablo,433.91,313.41,95.06,80.22,113.38,95.27
Santa Maria,306.77,205.06,69.04,59.89,97.34,88.5
Santiago City,476.33,345.23,107.23,96.11,131.75,103.61
Santo Tomas,541.23,410.47,119.86,111.34,145.78,114.19
Tumauini,442.71,317.53,105.69,95.61,138.72,104.21
Kalinga,260.96,120.12,31.03,28.22,46,79.8
Balbalan,315.82,134.98,32.99,25.42,42.89,74.13
Lubuagan,277.91,115.47,35.08,25.62,42.23,68.93
Pasil,256.97,104.7,33.96,25.54,42.95,70.56
Pinukpuk,265.67,122.4,30.54,27.51,45.55,79.49
Rizal,251.37,113.16,33.05,28.79,45.36,72.83
Tabuk City,233.22,115.71,28.79,30.27,47.47,81.92
Tanudan,233.57,120.93,27.86,30.26,50.09,91.38
Tinglayan,242.76,124.41,28.23,32.63,52.38,101.35
La Union,65.23,28.21,4.83,6.76,21.28,46.84
Agoo,55.13,23.62,3.66,6.82,23.17,32.8
Aringay,50.11,20.21,3.43,5.3,20.86,26.82
Bacnotan,49.36,21.64,3.99,6.8,21.94,28.28
Bagulin,47.6,21.65,4.12,7.09,21.18,28.77
Balaoan,69.25,26.39,4.63,10.25,26.99,49.72
Bangar,82.61,31.19,5.2,11.69,28.9,58.78
Bauang,54.52,22.59,3.54,6.91,22.76,40.83
Burgos,74.22,27.96,4.19,8.53,23.11,53.72
Caba,60.06,20.47,3.54,5.7,20.19,43.13
Luna,87.53,33.99,4.48,8.77,23.02,62.55
Naguilian,68.51,31.09,5.3,6.79,20.38,52.1
Pugo,81.9,32.61,4.82,8.64,22.47,61.86
Rosario,88.22,34.38,5.37,10.05,25.09,64.72
San Fernando City,59.37,32.4,4.66,4.71,18.47,49.17
San Gabriel,67.95,31.35,5.88,5.26,17.78,50.51
San Juan,65.19,27.03,5.59,5.26,17.04,49.21
Santo Tomas,69.42,27.14,6.68,4.93,19.34,50.51
Santol,58.11,29.87,4.29,3.69,17.16,41.58
Sudipen,64.99,31.18,5.42,4.36,18.27,46.76
Tubao,67.92,35.98,7.08,8.01,24.68,58.21
Laguna,288.37,260.38,71.33,42.27,60.66,51.1
Alaminos,277.47,229.65,51.46,31.26,45.59,41.87
Bay,320.47,294.88,86.38,52.36,81.62,60.03
Binan,299.1,254.73,54.42,33.01,46.97,39.22
Cabuyao,325.29,307.65,83.96,52.5,77.14,55.03
Calamba City,322.58,285.81,67.61,41.16,58.22,45.39
Calauan,350.74,339.09,99.03,60.47,87.6,61.58
Cavinti,305.05,260.09,57.57,37.23,48.61,41.28
Famy,318.12,295.1,70.8,36.44,53.14,45.12
Kalayaan,360.59,364.64,97.71,53.71,77.09,60.29
Kalibato Lake,380.21,379.42,101.88,58.32,84.01,63.64
Laguna lake,306.37,292.01,76.19,45.78,62.67,50.62
Liliw,310.26,293.18,77.08,41.3,57.38,49.3
Los Banos,341.04,386.44,119.73,62.8,89.2,73.39
Luisiana,364.56,383.76,122.59,74.67,106.88,75.23
Lumban,169.9,154.04,37.31,22.32,31.01,32.65
Mabitac,272.52,233.53,46.6,31.78,39.2,36.79
Magdalena,259.75,216.37,52.79,30.42,44.04,38.98
Majayjay,242.67,214.08,64.33,32.06,55.01,46.69
Nagcarlan,310.21,304.61,95.98,60.22,84.48,63.55
Paete,225.87,179.83,42.26,22.43,35.25,37.21
Pagsanjan,251.01,201.67,49.99,31.48,43.66,39.12
Pakil,250,196.53,58.61,32.18,50.71,45.66
Palakpakin Lake,245.46,191.53,65.54,30.88,56.75,50.67
Pangil,285.22,251.11,82.45,46.35,70.09,58.12
Pila,310.12,285.39,87.37,58.68,78.67,62.8
Rizal,208.65,143.47,38.33,16.83,30.62,39.47
Sampaloc Lake,182.7,137.04,41.03,29.1,37.1,43.57
San Pablo City,243.9,189.47,56.48,35.49,51.01,48.61
San Pedro,272.87,232.93,76.21,46.93,67.32,61.01
Santa Cruz,290.28,248.7,79.23,50.21,69.44,62.08
Santa Maria,236.63,178.52,54.88,38.36,51.04,50.78
Santa Rosa City,322.54,268.75,81.22,32.29,69.08,67.55
Siniloan,255.53,203.21,62.86,36.38,54.73,55.85
Victoria,218.96,169.89,53.13,32.73,47.53,51.66
Waterbody,237.95,207.14,57.9,45.83,51.19,48.31
Lanao del Norte,282.29,245.48,167.59,138.08,169.41,132.22
Bacolod,207.86,180.69,129.49,102.65,118.3,95.06
Baloi,235.25,193.87,125.7,109.01,131.95,112.28
Baroy,258.68,206.79,123.42,112.1,135.67,115.04
Iligan City,290.89,241.75,157.11,124.41,147,109.94
Kapatagan,282.54,223.2,134.51,119.24,145.06,122.79
Kauswagan,364.89,343.4,272.26,178.99,204.41,119.17
Kolambugan,320.36,297.93,224.45,159.33,185.02,122.34
Lala,275.68,232.31,151.08,127.3,152.42,124.04
Linamon,260.35,204.58,146.52,130.18,153.34,142.36
Magsaysay,342.16,320.21,246.77,169.56,193.8,123.38
Maigo,297.52,278.33,193.85,152.15,183.54,133.36
Matungao,281.55,260.56,167.12,142.36,173.42,136.42
Munai,267.28,244.25,172.12,140.43,168.22,143.85
Nunungan,296.49,267.65,196.02,154.41,187.64,137.85
Pantao Ragat,282.7,244.5,185.31,154.5,192.07,146.59
Pantar,291.9,266.05,162.53,155.25,193.6,153.61
Poona Piagapo,270.94,241.11,170.06,139.16,175.24,135.51
Salvador,265.77,235.45,177.71,145.87,185.41,144.92
Sapad,278.59,255.76,166.55,150.72,192.51,154.66
Sultan Naga Dimaporo,272.07,244.23,157.52,140.17,179.85,145.59
Tagoloan,280.04,245.75,155.69,150.72,200.26,161.63
Tangcal,266.69,231.12,148.26,136.56,176.69,153.65
Tubod,267.62,210.72,139.42,134.04,193.38,170.38
Lanao del Sur,273.19,225.86,146.93,142.14,190.44,180.35
Bacolod Kalawi,259.09,207.86,126,115.34,141.56,118.61
Balabagan,258.7,224.01,136.99,128.8,158.37,139.7
Balindong,269.3,234.03,142.48,133.52,167.49,156.42
Bayang,252.98,212.17,158.55,138.17,163.83,162.13
Binidayan,280.96,245.92,147.26,136.89,172.59,166.31
Buadiposo-Buntong,238.76,229.64,163.7,148.05,175.6,161.76
Bubong,273.4,237.87,161.68,142.04,172.12,179.67
Bumbaran,249.57,238.47,171.07,151.92,176.08,175.87
Butig,281.66,253.85,166.19,144.51,170.1,189.01
Calanogas,300.63,252.56,150.19,142.8,176.11,185.81
Dapao Lake,299.82,257.85,146.92,141.37,179.97,181.95
Ditsaan-Ramain,278.95,265.12,158.88,151.06,188.25,156.02
Ganassi,268.49,253.18,159.75,154.84,185.18,162.32
Kapai,274.27,236.81,165.66,147.53,171.91,184.3
Kapatagan,287.62,243.55,142.17,141.82,177.96,180.67
Lanao Lake,275.32,241.15,159.44,148.13,179.56,169.7
Lumba-Bayabao,279.83,231.62,149.34,144.77,184.42,177.03
Lumbaca Unayan,269.89,214.83,140.12,149.99,197.43,183.28
Lumbatan,265.81,221.64,144.96,140.43,196.3,169.99
Lumbayanague,265.33,218.11,145.36,141.64,195,169.92
Madalum,260.9,206.39,141.65,139.88,200.64,176.23
Madamba,270.59,226.93,147.75,142.32,192.41,173.79
Maguing,282.5,237.47,147.52,144.83,193.08,184.28
Malabang,267.31,203.52,137.03,138.73,202.05,179.71
Marantao,259.57,192.97,138.49,137.13,206.6,181.66
Marawi City,269.09,212.4,143.3,142.8,206.65,184.58
Marogong,291.98,243.59,142.04,147.96,205.49,189.47
Masiu,192.24,160.7,105.74,112.09,151.67,136.51
Mulondo,268.68,178.4,131.68,127.55,209.25,188.92
Pagayawan,264.11,165.95,131.78,126.88,218.49,196.48
Piagapo,261.35,187.3,136.71,135.35,212.62,190.29
Picong,284.44,234.81,141.45,149.85,214.72,192.24
Poona Bayabao,343.03,290.6,138.24,155.87,218.87,192.37
Pualas,259.39,224.45,142.89,146.72,192.21,187.76
Saguiaran,256.13,151.56,128.27,122.02,221.84,202.47
Sultan Dumalondong,300.31,239.65,137.94,148.53,216.7,195.95
Tagoloan II,250.93,190.08,140.01,138.56,210.12,195.89
Tamparan,274.81,177.36,131.92,134.88,216.47,198.42
Taraka,279.83,219.18,136.15,141.68,214.4,199.99
Tubaran,279.13,195.27,131.93,133.83,214.16,200.59
Tugaya,265.67,189.57,131.85,133.79,213.86,201.48
Wao,258.72,192.4,128.84,129.39,206.48,204.64
Leyte,357.35,417.27,384.42,202.24,193.59,146.89
Abuyog,298.21,367.97,306.07,173.93,163.79,103.05
Alangalang,330.42,424.86,340.45,199.02,185.84,118.82
Albuera,360.3,462.4,378.44,230.18,204.91,130.68
Babatngon,316.27,395.79,325.24,185.68,170.08,114.14
Barugo,365.68,454.23,375.28,223.45,198.24,133.3
Bato,352.85,446.91,388.16,248.04,213.06,130.61
Baybay City,334.21,407.54,351.22,206.93,185.52,121.9
Burauen,323.34,391.56,353.46,214.79,181,116.4
Calubian,338.45,416.79,343,201.44,189.8,124.1
Capoocan,325.02,380.92,388.56,239.17,187.38,125.34
Carigara,322.67,387.42,310.03,180.28,174.24,108.59
Dagami,340.9,417.27,343.46,203.12,201.66,129.34
Dulag,348.67,411.83,371.91,229.57,197.87,134.67
Hilongos,307.32,365.24,377.78,233.06,172.12,122.62
Hindang,307.6,361.35,298.56,169.29,165.92,101.23
Inopacan,349.22,413.59,357.46,211.82,196.4,136.6
Isabel,342.72,398.83,392.87,234.27,179.87,135.98
Jaro,332.44,388.2,326.62,187.68,182.73,115.45
Javier,368.31,424.5,383.62,223.34,201.79,142.4
Julita,361.91,428.84,401.98,231.05,186.02,142.55
Kananga,320.47,364.09,316.48,174.34,171.18,112.28
La Paz,374.32,451.62,399.4,219.41,209.79,146.91
Leyte,334.49,382.4,357.34,190.83,176.76,130.34
Macarthur,361.94,405.22,377.43,200.88,203.98,135.88
Mahaplag,374.08,430.29,397.76,206.25,199.91,149.32
Matag-Ob,310.48,338.27,329.35,168.5,166.43,111.84
Matalom,403.35,444.99,427.25,209.98,219.14,172.26
Mayorga,402.16,442.32,425.89,203.84,200.66,173.79
Merida,363.18,400.85,380.8,187.89,198.86,144.56
Ormoc City,441.78,488.86,476.58,205.67,218.67,204.42
Palo,506.51,549.45,558.44,200.18,223.8,270.79
Palompon,474.32,521.57,530,197.41,223.25,250.88
Pastrana,485.79,527.98,534.81,194.46,233.93,266.99
San Isidro,456.02,501.91,506.82,192.99,225.18,241.75
San Miguel,397.48,454.35,443.97,188.58,217.55,197.75
Santa Fe,429.75,486.83,479.7,196.1,226.11,222.68
Tabango,349.17,412.91,409.93,192.7,203.17,166.96
Tabontabon,423.82,510.34,465.57,206.18,253,210.68
Tacloban City,307.68,356.73,351.77,188,178.4,136.49
Tanauan,302,337.52,338.56,185.77,172.39,130.69
Tolosa,279.56,309.71,322.74,183.17,148.86,107.43
Tunga,306.98,366.14,352.15,205.22,182.23,125.75
Villaba,290.42,356.6,348.09,203.34,182.81,108.33
Maguindanao,177.36,125.15,100.43,95.67,123.29,128.64
Ampatuan,175.83,129.64,102.98,100.77,123.3,152.13
Buluan,151.93,122.7,106.12,97.51,119.79,135.48
Buluan Lake,171.39,113.58,101.2,95.95,123.27,137.19
Cotabato City,189.51,132.25,97.99,96.87,118.25,135.65
Datu Abdullah Sanki,176.39,126.04,102.36,96.96,123,137.23
Datu Anggal Midtimbang,188.2,115.66,97.9,94.71,121.6,135.9
Datu Paglas,182.63,141.06,99.27,93.24,115.55,137.67
Datu Piang,195.01,139.83,103.36,99.98,129.6,141.84
Datu Saudi-Ampatuan,199.51,124.49,99.53,99.61,133.57,136.39
Datu Unsay,176.79,131.19,97.94,90.38,115.95,131.6
Gen. S. K. Pendatun,184.56,141.53,103.1,97.35,119.91,135.75
Guindulungan,213.56,134.31,103.59,104.92,151.9,149.35
Mamasapano,190.47,117.86,99.36,98.77,137.22,135.7
Mangudadatu,168.59,104.13,96.25,88.57,118.66,127.76
Pagagawan,159.1,112.26,97.5,90.31,113.09,124.74
Pagalungan,194.11,131.27,101.5,99.02,134.84,136.53
Paglat,141.66,93.23,95.77,88.56,112.11,120.46
Pandag,163.9,108.56,101.2,96.8,115.42,120.97
Rajah Buayan,217.12,140.93,104.26,107.42,152.65,143.55
Shariff Aguak,132.48,94.03,95.72,87,113.86,109.87
South Upi,169.44,116.16,101.65,94.67,125.46,116.04
Sultan Sa Barongis,140.22,108.95,96.71,85.91,106.92,87.3
Talayan,159.99,136.67,100.91,89.64,108.09,84.39
Talitay,162.01,138.84,97.26,89.31,107.83,80.78
Marinduque,250.96,237.36,89.83,58.3,63.42,46.28
Boac,295.08,279.64,99.01,70.84,72.03,54.03
Buenavista,269.39,247.87,99.03,68.84,75.75,49.21
Gasan,252.07,230.44,98.33,67.27,74.93,49.48
Mogpog,274.55,264.4,96.55,67.9,69.53,54.39
Santa Cruz,249.09,242.03,98.32,62.37,69.45,51.47
Torrijos,193.46,182.07,59.57,27.41,32.92,26.71
Masbate,249.04,265.35,189.24,101.96,100.81,63.5
Aroroy,257.23,245.99,151.9,101.68,79.26,64.25
Baleno,262.31,263.91,170.12,107.63,87.04,64.69
Balud,288.62,310.04,223.27,128.21,107.06,78.8
Batuan,277.42,289.83,211.96,116.83,96.71,71.53
Cataingan,271.99,295.57,220.69,119.64,102.25,71.75
Cawayan,253.34,266.55,198.51,105.2,96.33,65.17
Claveria,238.3,262.64,189.15,97.86,94.33,58.84
Dimasalang,219.24,249.63,189.05,88.41,94.89,50.6
Esperanza,242.89,272.06,188.46,102.16,96.15,57.48
Mandaon,258.4,278.68,188.36,97.72,100.87,52.25
Masbate City,260.01,289.95,205.06,100.97,113.95,59
Milagros,246.15,270.2,181.5,94.58,104.32,57.23
Mobo,241.9,268.42,182.84,90.87,123.98,72.09
Monreal,244.31,255.29,176.11,93.53,97.86,57.8
Palanas,243.14,261.17,178.84,90.44,112.23,71.43
Pio V. Corpuz,220.03,245.67,179.29,92.83,101.04,66.21
Placer,234.22,244.27,186.11,95.35,106.06,67.46
San Fernando,268.9,265.66,188.5,100.44,101.78,64.65
San Jacinto,239.61,245.6,209,108.49,116.15,70.79
San Pascual,242.37,252.36,200.18,109.85,112.08,69.56
Uson,196.69,228.98,182.55,93.28,88.73,47.17
Metropolitan Manila,153.46,95.53,17.18,9.54,16.49,22.63
Kalookan City,182.21,101.22,22.27,15.19,27.92,33.36
Las Pinas,191.41,104.71,21.7,15.67,28.7,32.39
Makati City,169.58,87.88,19.05,12.11,24.08,28.57
Malabon,136.68,71.29,15.29,7.73,17.09,22.92
Mandaluyong,134.94,76.58,17.7,10.42,21.03,23.54
Manila,173.72,113.64,24.81,13.74,25.11,31.91
Marikina,127.3,72.53,17.17,7.37,15.99,25.25
Muntinlupa,92.62,66.25,17.26,8.07,15.35,19.73
Navotas,109.56,87.8,22.69,11.53,21.24,26.39
Paranaque,118.16,64.56,9.41,3.36,6.78,12.66
Pasay City,95.29,59.44,13.93,5.21,10.35,15.39
Pasig City,137.43,86.23,17.19,8.61,13.63,20.63
Pateros,190.42,106.74,9.81,5.07,8.45,14.08
Quezon City,172.02,112.59,13.12,7.17,9.7,17.69
San Juan,218.74,144.73,12.11,6.79,9.16,15.94
Taguig,165.9,114.32,12.82,7.17,8.06,16
Valenzuela,191.3,139.36,19.14,11.09,11.31,19.18
Misamis Occidental,354.61,306.51,212.24,140.64,159.45,94.79
Aloran,320.3,221.34,144.1,86.92,93.49,69.49
Baliangao,323.52,233.08,145.66,91.71,105.64,74.75
Bonifacio,313.01,227.23,148.38,93.75,103.71,71.12
Calamba,323.71,235.11,152.17,98.36,113.9,73.39
Clarin,346.79,270.03,160.09,111.54,133.43,89.69
Concepcion,325.74,248.46,162.26,104.35,116.68,72.01
Don Victoriano Chiongbian,342.67,290.81,173.94,124.96,147.89,90.97
Jimenez,343.11,297.16,200.86,132.68,155.97,87.27
Lopez Jaena,355.23,321.85,203.19,146.79,171.69,95.37
Oroquieta City,366.05,330.08,227.34,151.68,172.3,95.35
Ozamis City,385.08,357.2,255.99,169.68,190.17,104.86
Panaon,408.33,372.96,311.35,185.03,203.58,98.01
Plaridel,368.24,350.45,234.96,167.6,189.58,115.8
Sapang Dalaga,407.79,380.55,308.49,189.64,213.86,105.52
Sinacaban,383.36,362.37,275.34,177.13,195.68,112.66
Tangub City,377.67,358.79,274.54,181.71,202.06,114.62
Tudela,326.78,312.2,230.99,159.14,173.83,122.16
Misamis Oriental,226.09,252.91,215.08,163.82,171.54,106.3
Alubijid,250.39,320.8,316.64,219.55,189.2,112.49
Balingasag,259.43,321.24,296.36,210.09,200.02,112.8
Balingoan,243.7,310.45,257.98,181.57,186.01,99.69
Binuangan,254.09,331.62,276.41,198.92,204.49,113.08
Cagayan de Oro City,290.97,368.34,305.4,236.24,237.51,139.2
Claveria,285.66,352.16,281.03,225.89,235.78,137.73
El Salvador City,325.62,392.98,319.97,259.78,271.65,170.24
Gingoog City,244.05,282.36,239.09,186.74,198.79,120.33
Gitagum,309.77,376.48,293.8,241.98,268.06,160.68
Initao,181.15,177.17,167.74,118.36,122.78,85.02
Jasaan,154.98,125.83,128.98,83.35,83.4,58.66
Kinoguitan,169.11,173.09,162.64,113.79,124.25,76.24
Lagonglong,214.34,249.57,202.5,161.99,185.16,106.7
Laguindingan,304.16,365.44,289.55,231.54,254.39,155.67
Libertad,148.62,133.59,123.28,84.82,90.08,64.07
Lugait,143.07,125.86,123,83.48,86.68,60.79
Magsaysay,139.04,114.33,140,90.47,88.11,56.5
Manticao,171.62,158.88,133.17,98.15,110.7,74.05
Medina,129.21,112.99,120.83,83.76,87.23,59.53
Naawan,155.66,140.06,144.83,100.75,114.05,68.56
Opol,173.24,154.75,121.92,95.48,109.16,76.24
Salay,153.5,138.2,129.25,91.33,105.17,71.55
Sugbongcogon,198.71,176.75,124.02,102.8,122.49,85.19
Tagoloan,166.62,139.88,127.91,95.75,104.01,83.29
Talisayan,207.14,182.43,123.24,98.41,117.22,90.53
Villanueva,188.88,161.57,124.17,103.37,124.51,104.71
Mountain Province,201.8,95.29,25.39,30.05,58.52,104.65
Barlig,236.59,122,27.01,30.26,50.72,86.76
Bauko,232.88,116.04,26.65,27.49,50.5,90.82
Besao,190.61,88.15,23.43,30.43,55.22,105.64
Bontoc,198.08,99.26,26.69,29.06,54.03,95.05
Natonin,198.9,94.95,27.27,28.19,54.44,94.77
Paracelis,214.02,103.05,29.53,32.94,63.08,104.34
Sabangan,192.77,81.37,19.91,30.09,65.2,117.72
Sadanga,173.65,78.73,23.03,30.16,64.04,114.39
Sagada,141.9,53.43,17.3,25.74,58.57,120.35
Tadian,191.91,78.04,21.18,34.57,73.01,143.94
Negros Occidental,218.43,173.08,105.43,78.4,85.01,76.27
Bacolod City,259.88,222.94,150.29,108.15,86.48,58.51
Bago City,265.81,242.57,141.65,102.84,93.16,71.75
Binalbagan,244.74,221.95,138.86,97.2,92.09,71.06
Cadiz City,255.29,235.01,136.15,98.7,101.4,75.95
Calatrava,257.4,215.2,131.68,97.47,107.38,74.58
Candoni,253.69,242.49,124.03,98.65,116.75,84.5
Cauayan,243.21,208.93,123.69,95.98,105.88,76.79
Enrique B. Magalona,227.66,208.29,119.87,94.89,118.72,80.91
Escalante City,236.15,203.8,115.28,88.68,94.91,71.99
Himamaylan City,229.51,196.28,106.79,83.95,89.5,72.02
Hinigaran,222.63,186.54,113.52,91.25,97.17,76.29
Hinoba-An,215.08,173.05,104.96,83.29,86.01,74.2
Ilog,215.07,165.13,102.96,77.05,80.81,77.68
Isabela,214.84,138.04,84.43,65.36,61.72,91.91
Kabankalan City,208.94,158.15,91.41,70.82,78.45,91.54
La Carlota City,190.93,136.87,87.65,61,66.97,101.08
La Castellana,187.38,130.65,83.22,55.98,62.57,96.37
Manapla,189.57,132.11,77.07,53.08,60.2,84.65
Moises Padilla,185.81,128.08,82.74,56.21,68.23,83.83
Murcia,188.87,140.94,84.64,60.15,74.88,76.51
Pontevedra,195.38,134.91,82.11,61.96,74.12,69.6
Pulupandan,190.38,127.84,80.99,62.84,74.27,68.53
Sagay City,194.25,134.49,85.76,63.18,76.59,66.48
Salvador Benedicto,192.45,133.36,89.24,66.86,79.49,67.41
San Carlos City,198.88,141.95,88.25,66.51,74.94,70.53
San Enrique,209.03,133.65,87.53,65.72,72.78,70.44
Silay City,203.62,140.16,91.2,69.66,77.22,73.46
Sipalay City,198.89,139.84,92.34,68.64,76.62,75.25
Talisay City,201.65,139.49,93.76,68.23,77.42,71.84
Toboso,204.4,135.71,95.08,67.67,74.3,69.25
Valladolid,203.51,134.06,95.43,63.6,74.14,66.17
Victorias City,188.3,139.03,96.2,60.31,71.71,63.59
Negros Oriental,182.47,147.22,111.52,68.03,92.13,64.59
Amlan,197.28,155.7,104.9,80.44,88.33,80.04
Ayungon,190.32,149.74,109.85,80.92,80.82,69.07
Bacong,195.04,151.71,109.32,78.48,82.03,68.59
Bais City,192.12,157.25,103.92,70.16,84.79,73.24
Basay,195.86,159.59,102.28,70.29,92.59,72.93
Bayawan City,196.76,153.85,102.67,72.44,93.67,72.06
Bindoy,193.85,151.3,103.77,72.73,97.45,75.1
Canlaon City,186.55,141.78,106.44,73.01,97.09,75.19
Dauin,192.13,147.23,109.53,73.38,97.36,70.38
Dumaguete City,180.53,141.06,110.81,70.39,92.08,73.98
Guihulngan City,188.6,143.33,114.4,71.38,100.04,70.93
Jimalalud,174.58,144.09,111.93,69.38,91.36,67.84
La Libertad,184.56,149.61,120.54,67.88,96.6,67.8
Mabinay,181.67,149.36,122.24,66.89,94.86,66.47
Manjuyod,169.86,152.49,139.58,69.28,98.25,69.67
Pamplona,181.89,150.59,122.73,65.71,91.15,63.07
San Jose,170.09,157.93,151.66,71.22,104.3,72.96
Santa Catalina,173.37,153.95,126.08,67.52,100.67,63
Siaton,163.01,148.02,115.25,66.15,96.21,60.21
Sibulan,169.93,144.01,104.82,64.04,97.99,53.94
Tanjay City,176.63,142.81,101.32,62.65,93.01,50.27
Tayasan,180.74,138.21,100.5,60.78,83.74,49.15
Valencia,183.39,138.64,107.9,62.53,89.23,51.34
Vallehermoso,195.19,136.8,112.59,62.12,83.54,53.27
Zamboanguita,149.16,95.45,76.78,35.38,44.06,23.89
North Cotabato,194.42,170.34,132.46,123.86,152.99,159.72
Alamada,256.72,231.38,142,151.42,203.49,190.64
Aleosan,224.61,204.47,147.56,150.36,196.43,185.02
Antipas,225.13,196.91,150.64,147.9,188.91,189.77
Arakan,212.68,182.36,145,141.9,181.28,183.1
Banisilan,202.44,173.45,143.9,138.09,175.07,181.56
Carmen,189.53,161.1,138.82,126.68,162.94,172.4
Kabacan,177.61,162.11,143.28,125.04,159.55,166.68
Kidapawan City,177.7,141.23,120.38,121.18,146.74,161.14
Libungan,184.32,168.43,138.86,123.53,158.74,160.98
Magpet,174.15,148.55,122.03,114,144.37,154.35
Makilala,196.07,176.78,126.86,119.19,146.41,152.64
Matalam,164.54,151.29,123.69,108.98,134.09,147.15
Midsayap,159.59,150.79,122.82,109.48,130.04,141.98
M'Lang,171.18,148.27,114.33,102.79,120.24,139.32
Pigkawayan,203.31,186.83,131.48,115.88,128.32,145.09
Pikit,182.82,162.01,125.08,110.38,116.49,137.41
President Roxas,195.93,164.5,124.8,110.44,122.97,134.61
Tulunan,167.82,138.67,120.89,101.98,112.58,115.04
Northern Samar,463.8,574.37,429.1,245.17,274.12,148.9
Allen,332.71,395.25,310.56,209.31,177.1,96.92
Biri,438.21,530.74,408.81,253.1,221.61,135.34
Bobon,463.57,571.11,415.42,247.53,253.37,141.27
Capul,513.54,662.08,490.18,322.71,342.67,96.56
Catarman,456.44,547.15,417.01,242.02,244.48,154.79
Catubig,497.57,636.52,485.09,282.53,325.88,121.22
Gamay,445.23,528.88,388.01,228.89,229.73,136.84
Laoang,440.92,528.84,397.38,218.34,241.48,162.52
Lapinig,477.31,575.59,488.17,250.28,276.63,169.5
Las Navas,503.06,624.6,475.91,271.53,334.33,112.4
Lavezares,436.37,525.19,376.16,219.54,227.67,140.32
Lope de Vega,455.17,569.22,440.17,233.66,265.57,183.53
Mapanas,501.66,632.36,477.82,257.08,322.17,149.43
Mondragon,458.32,552.65,410.97,235.62,256.02,139.49
Palapag,469.31,589.93,446.29,243.75,277.66,182.52
Pambujan,495.1,642.55,461.63,256.02,323.22,144.52
Rosario,487.29,595.12,453.47,261.41,290.51,146.91
San Antonio,384.81,460.16,354.49,200.04,203.01,134.24
San Isidro,453.14,575.68,418.69,232.56,266.55,176.9
San Jose,476.75,618.02,447.58,248.94,304.07,154.86
San Roque,485.55,591.14,447.78,260.5,285.35,151.53
San Vicente,410.71,506.28,344.65,195.88,220,148.83
Silvino Lobos,466.48,584.37,429.33,248.59,286.32,166.28
Victoria,460.45,573.15,416.64,240.4,290.25,178.28
Nueva Ecija,153.63,79.85,28.22,21.77,39.15,57.05
Aliaga,195.48,121.8,32.19,30.57,62.66,104.42
Bongabon,187.96,118.04,34.71,29.89,60.41,90.5
Cabanatuan City,163.49,102.35,33.31,25.04,49.48,71.35
Cabiao,143.38,95.94,27.7,19.71,39.85,62.66
Carranglan,111.72,66.96,20.83,15.93,34.2,56.79
Cuyapo,153.05,98.95,35.17,27.99,47.42,59.2
Gabaldon,49.37,17.31,8.25,7.44,20.29,41.68
Gapan City,187.8,108.31,41.25,32.67,50.83,61.07
General Mamerto Natividad,126.28,55.77,25.15,19.8,36.17,56.44
General Tinio,121.03,58.51,22.41,19.06,34.03,48.48
Guimba,149.84,77.47,32.51,26.95,42.3,60.63
Jaen,224.9,116.45,49.88,34.98,54.09,76.51
Laur,92.56,30.95,13.63,11.66,24.17,46.17
Licab,175.65,97.13,37.67,29.15,43.46,63.36
Llanera,280.59,158.61,52.71,40.82,57.17,73.21
Lupao,136.44,48,21.87,17.2,31.18,58.23
Munoz City,92.48,36.69,10.47,8.34,18.8,39.93
Nampicuan,150.46,77.04,29.37,22.53,36.89,54.36
Palayan City,261.28,134.59,52.13,39.44,58.26,71.45
Pantabangan,133.25,60.6,20.09,14.78,28.32,42
Penaranda,163.78,60.72,26.12,21.35,37.04,54.31
Quezon,108.87,42.91,10.03,7.09,19.07,28.49
Rizal,197.24,107.96,39.71,28.06,46.49,53.77
San Antonio,227.7,101.92,42.84,31.04,52.79,64.62
San Isidro,106.67,41.58,13.01,10.23,22.51,35.34
San Jose City,210.26,105.77,40.3,29.16,48.87,57.04
San Leonardo,91.1,28.95,9.05,7.38,18.4,40.52
Santa Rosa,159.44,88.15,28.13,20.56,34.21,49.25
Santo Domingo,166.38,76.93,26.1,18.98,36.34,54.9
Talavera,154.75,81.1,26.89,19.8,32.83,49.3
Talugtug,181.28,94.77,30.78,21.97,39.72,57.66
Zaragoza,267.51,149.07,51.11,35.49,61.71,74.77
Nueva Vizcaya,202.27,130.78,44.05,42.9,76.85,113.3
Alfonso Castaneda,195.19,150.03,38.12,46.6,78.35,109.58
Ambaguio,178.26,132.42,34.22,41.75,74.74,117.71
Aritao,183.58,130.03,37.05,40.38,74.21,114.6
Bagabag,194.85,131.18,39.56,41.94,72.22,120.94
Bambang,184.69,123.51,38.81,37.49,68.74,118.42
Bayombong,186.26,130.59,42.31,33.97,68.92,115.02
Diadi,199.94,136.94,43.13,43.57,78.34,119.59
Dupax Del Norte,176.72,114.17,37.99,38.2,73.65,116.09
Dupax Del Sur,163.5,106.9,38.01,36.93,71.09,113.07
Kasibu,171.14,108.45,35.52,35.32,68.49,113.2
Kayapa,205.53,122.69,42.87,41.62,74.65,113.14
Quezon,260.7,147.6,57.54,51.43,91.35,112.96
Santa Fe,273.06,151.83,65.11,52.07,89.86,102.01
Solano,316.42,180.52,83.61,70.61,106.77,108.68
Villaverde,293.48,164.18,77.68,60.8,90.67,97.43
Occidental Mindoro,174.81,105.37,36.53,19.53,23.7,52.75
Abra de Ilog,110.68,67.38,11.36,6.68,2.99,18.69
Calintaan,146.02,109.42,21.88,4.63,7.88,32.4
Looc,170.12,128.56,25.92,6.64,14.47,40.18
Lubang,159.31,118.64,25,4.86,14.73,43.64
Magsaysay,164.5,130.01,28.71,11.03,19.25,50.85
Mamburao,173.11,126.87,26.92,10.39,19.38,49.78
Paluan,187.55,127.39,45.65,21.12,40.44,72.02
Rizal,193.98,111.23,52.63,30.23,42.4,75.89
Sablayan,183.48,96.36,51.35,27,36.6,69.12
San Jose,167.23,92.41,32.15,24.33,13.46,43.11
Santa Cruz,208.57,102.88,27.26,24.97,6.92,32.96
Oriental Mindoro,220.87,136.39,69.63,39.82,52.12,68.22
Baco,217.72,158.71,58.33,25.03,48.43,65.29
Bansud,224.52,168.36,78.94,46.43,68.09,81.2
Bongabong,207.94,136.97,73.83,34.75,64.51,80.42
Bulalacao,224.87,157.9,81.57,45.71,76.16,84.78
Calapan City,236.35,171.21,77.88,46.28,71,81.28
Gloria,263.08,178.75,77.71,49.54,65.01,72.88
Mansalay,248.16,149.46,78.56,50.18,61.84,70.31
Naujan,228.68,116.31,77.56,49.6,60.42,72.1
Naujan Lake,223.96,109.61,79.69,49.46,61.05,74.71
Pinamalayan,216.74,106.88,75.23,40.67,56.95,77.09
Pola,206.59,110.12,69.7,40.34,44.86,65.3
Puerto Galera,201.7,101.21,61.18,36.02,37.84,61.18
Roxas,206.57,99.19,60.62,38.69,31.89,55.55
San Teodoro,203.99,118.52,52.79,30.32,22.54,49.89
Socorro,196.23,117.79,47.46,22.39,14.22,41.96
Victoria,205.89,140.79,44.22,22.93,10.51,31.05
Palawan,208.29,171.54,49.31,12.68,22.97,45.92
Aborlan,136.14,89.08,17.19,7.69,5.8,25.87
Agutaya,151.61,103.45,19.66,7.74,5.61,26.49
Araceli,149.35,103.12,23.74,8.63,7.71,29.66
Balabac,179.63,110.36,25.13,11.87,9.76,33.27
Bataraza,169.99,134.21,16.4,-0.51,2.56,18.3
Brooke's Point,150.45,124.09,21.78,3.26,7.25,26.12
Busuanga,189,148.37,27.87,8.14,14.75,34.46
Cagayancillo,179.03,146.9,24.54,7.52,14.49,30.9
Coron,171.35,130.48,24.65,9.1,16.63,37.55
Culion,190.17,143.35,24.7,9.46,20.86,46.52
Cuyo,186.15,152.01,24.12,9.42,20.84,45.44
Dumaran,219.16,175.72,18.83,1.81,18.71,47.17
El Nido,234.99,189.55,27.96,9.79,28.32,54.77
Linapacan,235.94,198.67,27.65,8.05,28.43,52.82
Magsaysay,221.96,177.71,12.12,-7.89,15.67,36.1
Narra,234.95,192.34,32.8,7.47,28.46,58.8
Puerto Princesa City,233.19,176.35,36.84,8.22,25.72,50.59
Quezon,236.89,183.57,46.62,14.33,29.14,56.82
Rizal,230.44,174.2,52.24,18.19,39.71,58.79
Roxas,235.72,192.49,56.88,17.44,35.87,61.17
San Vicente,234.05,225.67,64.93,16.85,27.51,58.94
Sofronio Espanola,238.55,237.56,81.78,13.3,19.83,52.89
Taytay,228.85,245.31,180.24,40.25,39.1,52.29
Pampanga,103.21,47.1,8.66,8.89,18.41,36.53
Angeles City,72.24,25.95,6.68,7.91,20.82,43.74
Apalit,69.82,29.4,7.61,6.65,19.7,42.52
Arayat,100.19,45.31,7.88,8.78,23.67,43.3
Bacolor,91.05,44.43,7.12,9.69,22.59,39.06
Candaba,108.54,50.09,8.86,9.85,23.61,44.04
Floridablanca,58.8,23.72,5.9,8.51,20.69,35.41
Guagua,90.16,40.32,10.24,9.93,17.85,40.92
Lubao,106.64,53.72,10.46,11.6,22.82,43.7
Mabalacat,95.6,54.54,10.53,11.47,21.05,39.82
Macabebe,78.51,36.56,5.43,9.33,18.78,34.8
Magalang,89.36,26.06,9.78,7.37,17.21,33.07
Masantol,107.05,51.9,12.41,10.91,21,40.01
Mexico,99.03,43.11,9,10.97,18.18,33.43
Minalin,109.27,34.18,8.16,5.45,13.46,28.61
Porac,119.74,60.72,14.46,11.59,20.66,38.16
San Fernando City,110.82,44.2,5.39,5.6,10.48,26.94
San Luis,121.54,56.84,9.18,7.29,14.62,29.8
San Simon,123.26,59.57,5.41,6.32,9.75,26.45
Santa Ana,150.79,71.85,5.14,5.11,9.14,25.25
Santa Rita,139.29,65.56,5.61,5.85,9.52,25.79
Santo Tomas,153.65,72.32,4.52,4.3,5.26,22.03
Sasmuan,146.9,61.56,4.53,4.36,5.22,23.27
Pangasinan,53.14,22.91,4.25,4.24,22.76,53.39
Agno,56,24.84,2.67,1.33,7.89,20.03
Aguilar,54.25,22.84,2.87,1.56,9.97,21.45
Alaminos City,63.14,24.18,2.64,1.47,13.24,25.63
Alcala,68.12,38.73,4.67,4.29,21,57.3
Anda,63.38,32.51,4.35,2.22,17.39,44.34
Asingan,68,27.26,3.36,2.29,17.64,33.41
Balungao,74.26,39.69,4.43,4.93,21.4,59.5
Bani,83.37,48.02,6.61,4.77,24.68,64.62
Basista,30.8,20.26,3.26,2.08,20.01,36.1
Bautista,63.87,20.98,3.2,2.54,19.31,37.12
Bayambang,63.72,29.28,3.64,5.27,22.31,53.03
Binalonan,82.5,47.41,6.78,4.6,25.04,72.53
Binmaley,105.05,68.59,9.8,8.64,32.06,73.46
Bolinao,47.25,24.93,3.05,2.03,21.54,42.1
Bugallon,42.93,15.81,2.62,4.14,20.59,50.09
Burgos,32.32,14.46,3.95,4.3,23.97,59.92
Calasiao,93.03,53.1,9.81,9.32,31.41,73.52
Dagupan City,106.01,75.14,11.15,9.03,30.58,68.87
Dasol,48.02,26.31,2.72,1.62,19.72,43.02
Infanta,41.38,13.02,2.48,3.97,19.86,50.46
Labrador,20.03,3.87,2.33,2.73,21.05,53.73
Laoac,44.77,6.57,3.81,3.33,25.06,61.39
Lingayen,57.87,14.84,6.28,5.45,23.89,64.4
Mabini,73.58,41.49,6.18,4.13,22.04,53.27
Malasiqui,50.54,16.05,3.07,2.2,18.83,45.05
Manaoag,36.26,10.52,3.06,3.57,21.64,54.25
Mangaldan,35.47,7.87,3.26,7.44,25.12,65.7
Mangatarem,27.12,5.4,3.79,3.89,20.68,59.74
Mapandan,46.7,14.23,8.48,6.59,25.25,65.67
Natividad,126.04,71.78,14.11,10.97,34.28,71.85
Pozzorubio,52.8,26.57,3.99,2.49,17.85,38.62
Rosales,62.05,19.88,3.32,2.33,23.2,49.99
San Carlos City,31.62,7.94,2.88,3.05,24.07,52.39
San Fabian,14.92,4.47,2.98,3.59,18.41,57.7
San Jacinto,22.28,5.04,2.94,2.96,16.75,60.04
San Manuel,59.38,22.48,7.42,6.72,24.48,62.73
San Nicolas,42.81,15.83,3.18,2.29,21.44,44.69
San Quintin,26.12,5.61,3.15,5.29,26.45,59.08
Santa Barbara,18.76,4.71,2.89,2.68,15.99,57.99
Santa Maria,46.16,13.62,3.34,2.6,17.9,61.41
Santo Tomas,53.18,30.62,6.79,4.24,23.1,59.29
Sison,55.04,23.92,5.69,4.29,25.03,52.43
Sual,39.44,8.32,2.67,5.91,34.98,65.86
Tayug,30.86,5.64,2.94,2.88,16.07,57.28
Umingan,58,23.65,4.88,7.03,34.88,66.9
Urbiztondo,41.22,7.26,3.18,5.62,27.72,61.25
Urdaneta City,66.43,24.09,4.16,8.85,38.37,71.99
Villasis,81.25,32.15,4.03,10.2,38.63,78.75
Quezon,378.22,377.27,135.52,92.1,107.89,75.65
Agdangan,415.02,263.3,108.18,71.12,104.47,101.78
Alabat,427.28,274.35,109.04,74.94,107.3,103.03
Atimonan,433.23,339.48,144.07,96.24,125.68,98.49
Buenavista,448.27,377.69,158.55,105.69,134.01,97.31
Burdeos,457.22,373.97,165.69,108.22,138.13,100.33
Calauag,449.38,381.8,166.53,109.43,136.9,96.74
Candelaria,433.01,378.12,195.13,131.2,156.18,101.46
Catanauan,458.61,387.65,200.99,131.94,164.42,107.52
Dolores,497.52,358.44,247.2,158.04,198.57,129.62
General Luna,376.5,366.53,140.14,92.96,116.47,76.21
General Nakar,395.26,385.2,128.27,84.97,109.4,72.36
Guinayangan,415.78,449.41,133.59,98.23,105.06,65
Gumaca,448.49,498.53,152.14,102.82,123.19,75.42
Hinunangan,349.58,303.16,90.72,36.46,75.61,68.57
Infanta,384.11,361.34,100.79,71.08,85.91,64.03
Jomalig,432.02,435.2,132.62,91.14,99.39,67.35
Lopez,440.55,493.3,152.55,110.04,126.96,77.83
Lucban,338.89,319.65,86.36,57.99,67.61,56.46
Lucena City,407.23,412.87,130.99,88.95,92.56,64.26
Macalelon,471.48,546.09,169.01,124.29,129.23,79.09
Mauban,361.31,386.78,123.16,88.24,96.29,67.59
Mulanay,452.23,537.51,171.93,122.52,133.95,83.48
Padre Burgos,264.45,261.35,90.74,62.97,75.93,59.29
Pagbilao,313.8,312.77,102.57,71.71,68.92,53.38
Panukulan,425.59,493.98,160.78,118.22,109.06,69.14
Patnanungan,437.84,509.56,163.66,113.04,129.55,86.42
Perez,266.05,271.55,93.79,66.78,73.29,56.77
Pitogo,251.84,225.81,71.66,48.13,46.95,41.75
Plaridel,292.67,244.54,74.4,45.72,43.59,43.93
Polillo,377.69,397.4,132.61,94.36,92.07,68.77
Quezon,411.57,476.1,155.55,112.01,128.46,87.66
Real,366.19,388.06,127.21,90.14,97.69,70.3
Sampaloc,380.24,434.12,146.43,106.5,127.17,87.99
San Andres,393.89,443.69,143.37,101.53,113.89,81.42
San Antonio,358.48,417.3,143.3,100.46,119.98,83.97
San Francisco,359.71,414.77,143.56,97.21,112.17,78.72
San Narciso,328.84,362.45,132.58,89.52,100.87,73.39
Sariaya,290.14,319.27,110.54,73.09,84.2,61.09
Tagkawayan,242.15,250.54,82.15,51.85,67.12,48.9
Tayabas City,174.58,153.7,51.44,34,44.85,46.75
Tiaong,171.82,161.17,71.36,40.65,44.87,42.41
Unisan,211.77,218.37,166.94,85.68,85.67,65.77
Quirino,343.09,225.56,84.04,75.16,121.08,110.51
Aglipay,244.57,161.8,55.97,49.05,88.1,92.11
Cabarroguis,304.87,210.6,74.43,66.84,107.83,98.81
Diffun,349.35,240.8,82.88,74.78,119.16,106.61
Maddela,368.91,249.85,87.97,80.45,127.5,111.59
Nagtipunan,352.68,224.31,88.54,78.33,126.73,116.14
Saguday,357.45,204.24,98.99,84.68,127.3,123.93
Rizal,273.62,223.12,56.23,34.02,52.45,49.42
Angono,342.29,242,71.88,46.81,73.26,83.23
Antipolo City,311.2,222.26,65.77,41.38,70.29,70.1
Baras,275.96,209.65,64.41,41.96,67.04,57.56
Binangonan,290.63,232.94,68.18,41.89,69.19,61.28
Cainta,257.56,185.39,57.09,34.96,56.43,52.05
Cardona,219.22,176.22,42.75,25.89,41.32,41.1
Jala-Jala,318.11,278.59,89.76,54.42,86.27,67.79
Morong,156.6,109.31,19.84,12.12,16.83,28.95
Pililla,178.15,140.53,34.36,19.89,30.37,34.42
Rodriguez,245.66,209.52,47.31,28.19,42.29,40.04
San Mateo,267.54,247.69,57.49,33.74,49.5,41.75
Tanay,299.87,265.81,55.3,32.6,44.51,37.65
Taytay,294.83,267.17,56.3,30.69,42.49,37.39
Teresa,301.34,269.29,59.26,33.85,43.85,39
Romblon,229.51,169.3,86.43,42.56,49.01,53.5
Alcantara,260.79,176.55,78.17,43.04,34.35,46.94
Banton,133.4,88.69,42.62,21.63,21.01,28.57
Cajidiocan,239.12,166.28,85.96,45.18,43.75,54.65
Calatrava,239.34,177.5,87.32,45.19,50.31,57.03
Concepcion,234.47,166.49,83.3,40.08,49.92,55.86
Corcuera,230.35,169.72,93.63,50.24,58.37,61.15
Ferrol,230.21,166.5,90.34,45.96,56.96,57.87
Looc,227.16,174.29,86.04,42.23,46.66,55.77
Magdiwang,248.14,172.52,104.45,47.37,63.61,58.98
Odiongan,236.83,175.22,91.4,42.51,51.54,56.42
Romblon,224.28,161.98,99.52,42.02,66.52,58.37
San Agustin,227.54,177.67,90.75,41.02,55.93,55.58
San Andres,209.76,165.85,71.6,34.84,37.04,50.97
San Fernando,232.33,182.93,90.3,44.72,51.5,53.45
San Jose,238.8,176.25,78.44,44.43,39.02,51.4
Santa Fe,208.9,155.74,72,40.51,35.46,43.38
Santa Maria,248.94,177.66,88.08,48.57,43.34,49.71
Samar,407.01,506.56,369.98,228.07,244.86,158.24
Almagro,429.59,545.39,371.95,209.98,250.19,168.09
Basey,440.24,545.18,392.59,229.18,269.67,164.79
Calbayog City,421.7,517.94,366.28,223.36,252.83,167.1
Calbiga,438.03,542.67,381.38,233.59,269.68,173.1
Catbalogan City,382.88,474.11,338.36,210.19,227,151.74
Daram,388.66,451.13,339.29,211.9,213.57,147.25
Gandara,411.61,497.51,361.19,222.9,250.11,161.84
Hinabangan,393.2,468.04,352.52,211.71,230.19,153.21
Jiabong,305.13,375.31,297.76,183.66,187.47,121.26
Marabut,381.38,447.74,336.46,195.04,221.4,148.42
Matuguinao,401.31,480.5,366.7,220.27,243.77,155.48
Motiong,326.89,403.3,299.94,185.27,206.89,127.67
Pagsanghan,357.72,426.62,324.38,183.04,209.17,128
Paranas,407.08,507.27,363.88,223.57,248.04,154.09
Pinabacdao,422.58,542.7,374.38,235.12,257.86,165.09
San Jorge,394.23,500.49,368.38,230.9,234.53,152.11
San Jose de Buan,420.68,534.59,380.71,242.76,254.64,160.97
San Sebastian,451.65,602.31,401.56,265.42,294.89,185.36
Santa Margarita,417.05,533.94,388.04,249.98,250.23,161.96
Santa Rita,423.82,544.01,391.54,253.52,256.62,162.32
Santo Nino,443.79,588.16,406.51,265.1,271.29,177.82
Tagapul-An,417.47,556.36,406.64,260.4,256.17,163.92
Talalora,436.16,564.38,412.01,268.87,264.98,175.73
Tarangnan,415.15,533.66,410.48,264.26,252.19,165.4
Villareal,397.7,516.14,417.27,259.24,229.63,157.88
Zumarraga,398.3,527.86,439.79,261.04,234.26,160
Sarangani,160.21,135.59,123.96,95.59,112.25,99.88
Alabel,136.59,128.51,112.38,97.22,106.53,89.6
Glan,157.59,152.33,121.67,105.09,122.02,104.7
Kiamba,162.31,139.26,119.48,96.92,114.02,105.31
Maasim,179.43,133.51,117.61,93.8,113.42,107.97
Maitum,165.03,125.42,128.31,94.22,112.8,98.1
Malapatan,156.98,130.19,129.92,88.43,103.12,94.57
Malungon,166.09,131.55,138.13,90.04,110.52,97.65
Shariff Kabunsuan,219.43,159.24,110.73,112.57,152.52,168.05
Barira,278.78,227.63,135.51,143.62,206.12,199.73
Buldon,248.28,196.48,129.66,134.86,196.76,205.82
Datu Blah T. Sinsuat,221.11,165.47,122.46,120.97,164.92,194.71
Datu Odin Sinsuat,187.67,138.56,108.26,108.62,133.85,162.92
Kabuntalan,203.55,145.69,106.54,109.24,135.55,151.97
Matanog,193.26,139.1,93.6,95.79,120.51,155.27
Northern Kabuntalan,200.52,146.68,100.5,103.55,127.32,146.9
Parang,201.1,145.99,96.95,98.33,125.15,148.56
Sultan Kudarat,197.82,132.42,95.38,98.23,132.05,144.01
Sultan Mastura,211.89,123.16,96.17,101.56,143.14,146.35
Upi,239.13,152.69,103.91,102.28,149.5,146.76
Siquijor,174.8,123.22,109.1,64.62,88.07,47.93
Enrique Villanueva,177.11,125.18,109.98,67.18,103.24,52.09
Larena,180.72,130.51,109.63,67.29,98.87,50.14
Lazi,183.21,129.76,111.54,66.39,91.01,50.49
Maria,186.98,131.15,117.23,68.29,92.21,50.36
San Juan,182.56,131.21,117.66,70.23,79.4,47.28
Siquijor,147.63,100.49,94.28,53.4,69.6,39.91
Sorsogon,357.39,456.56,298.49,198.28,174.48,117.68
Barcelona,331.33,448.3,296.69,184.06,174.96,127.05
Bulan,330.91,419.08,262.18,171.66,151.62,113.35
Bulusan,360.6,440.28,277.57,184.26,155.92,110.45
Casiguran,333.06,409.29,285.78,191.63,158.54,123.13
Castilla,358.22,437.37,287.83,196.48,160.18,114.75
Donsol,357.46,449.85,305.89,211.03,166.04,119.72
Gubat,363.06,451.17,297.43,199.97,156.8,122.93
Irosin,373.91,505.77,336.36,241.69,200.31,119.92
Juban,352.48,441.11,290.06,195.7,168.51,116.84
Magallanes,368.62,498.06,314.93,221.93,191.7,113.8
Matnog,360.49,482.32,315.35,203.87,201.99,123.45
Pilar,373.52,484.79,311.7,206.24,190.25,120.22
Prieto Diaz,360.57,452.3,304.29,195.29,184.02,116.77
Santa Magdalena,381.29,491.09,315.76,204.71,198.66,122.58
Sorsogon City,357.56,450.54,294.95,180.52,171.97,112.45
South Cotabato,144.52,116.95,105.18,98.78,112.15,100.98
Banga,128.64,107.53,93.46,91.76,111.29,90.83
General Santos City,134.28,120.94,98.34,100.47,113.17,96.48
Koronadal City,146.92,125.02,100.63,100.38,115.02,101.12
Lake Sebu,152.54,124.73,105.06,104.74,122.89,107.54
Norala,122.4,102.31,103.37,98.89,111.88,105.66
Polomolok,164.55,124.57,110.86,105.27,123.28,115.43
Santo Nino,142.04,115.01,106.99,102.67,120.78,113.25
Surallah,136.59,114.98,106.05,97.82,109.91,103.37
Tampakan,129.01,106.14,105.84,98.67,105.96,100.11
Tantangan,168.82,133,106.34,104.45,123.14,116.62
T'Boli,151.55,116.14,106.92,94.72,101.92,93.12
Tupi,137.46,98.17,116.63,83.12,88.92,78.43
Southern Leyte,340.91,459.55,424.54,239.45,243.97,159.79
Anahawan,420.39,498.32,471.71,201.59,250.62,209.8
Bontoc,406.9,498.37,451.92,211.1,252.37,201.65
Hinunangan,376.94,474.46,423.29,216.96,255.82,182.88
Hinundayan,382.88,496.22,430.77,220.67,266.89,188.34
Libagon,368.42,464.33,418.3,222.83,249.03,172.18
Liloan,370.98,479.15,438.73,233.17,265.61,176.25
Limasawa,320.71,413.72,372.87,222.05,215.92,140.85
Maasin City,361.04,483.15,432.91,251.8,260.22,172.36
Macrohon,322.98,426.71,398.67,235.45,228.74,139.43
Malitbog,365.06,490.71,438.78,259.33,271.05,174.71
Padre Burgos,313.41,460.14,451.91,279.86,239.93,154.11
Pintuyan,320.39,448.12,384.65,238.75,228.5,143.84
Saint Bernard,285.32,386.83,358.08,215.8,204.83,118.92
San Francisco,310.55,439.21,414.16,245.58,223.14,136.64
San Juan,284.88,371.05,368.01,218.88,190.88,94.42
San Ricardo,300.25,436.25,389.73,241.74,214.37,127.68
Silago,319.18,475.9,441.66,267.77,243.82,151.59
Sogod,322.7,480.61,465.76,271.57,257.34,158
Tomas Oppus,279.3,416.44,428,251.39,247.85,146.43
Sultan Kudarat,193.44,129.27,107.01,107.83,137.02,135.98
Bagumbayan,175.56,112.83,103.8,97.41,131.72,129.96
Buluan Lake,163.25,102.63,94.37,90.11,123.38,112.76
Columbio,188.69,129.09,105.58,102.24,132.74,126.55
Esperanza,152.81,125.22,96.3,87.48,113.48,88.45
Isulan,191.1,135.36,103.63,103.63,127.61,122.09
Kalamansig,200.92,139.01,108.87,109.98,134.34,136.13
Lambayong,187.67,136.6,98.46,102.07,126.45,119.77
Lebak,194.56,134.75,105.55,112.9,136.63,136.5
Lutayan,209.21,143.13,110.69,119.07,146.25,141.38
Palimbang,215.07,121.85,112.32,122.83,154.08,161.85
President Quirino,207.4,113.26,115.37,124.57,160.19,162.39
Sen. Ninoy Aquino,207.77,134.79,117.59,117.47,151.82,156.71
Tacurong City,200.32,137.22,112.78,101.86,140.43,165.05
Sulu,164.01,129.28,99.17,84.24,93.4,114.13
Hadji Panglima Tahil,195.92,150.52,65.1,60.16,73.3,104.57
Indanan,114.38,89.43,55.88,45.49,55.09,65.76
Jolo,200.45,149.42,99.73,92.07,110.74,141.07
Kalingalan Caluang,169.88,135.85,80.23,69.4,83.72,108.18
Lugus,103.47,69.58,63.71,32.24,52.81,69.56
Luuk,129.93,106.5,67.79,50.74,62.93,85.45
Maimbung,194.57,158.08,123.73,108.99,118.87,167.46
Old Panamao,186.12,124.61,113.93,93.78,102.47,124.35
Pandami,169.27,133.1,119.92,100.48,111.43,144.89
Panglima Estino,181.27,121.01,113.19,94.48,103.1,124.97
Pangutaran,174.95,139.56,114.34,94.14,104.28,131.77
Parang,186.03,135.43,115.83,104.51,114.39,143.95
Pata,182.78,147.86,115.76,88.99,96.63,112.04
Patikul,192.45,166.51,102.17,94.1,105.83,132.66
Siasi,169.17,148.63,118.59,92.42,94.75,103.85
Talipao,142.3,130.78,97.03,80.41,81.18,94.24
Tapul,120.37,93.56,55.29,55.02,61.58,74.66
Tongkil,156.59,116.82,109.94,104.53,110.3,110.33
Surigao del Norte,354.18,510.04,537.83,342.77,315.14,230.26
Alegria,355.25,518.91,549.33,301.79,268.11,207.56
Bacuag,362,506.96,550.86,297.74,274.76,205.65
Burgos,153.26,193.51,266.81,156.23,128.74,65.79
Claver,357.39,486.46,552.27,311.05,287.88,207.82
Dapa,353.8,480.6,538.31,313.24,299.54,215
Del Carmen,354.99,480.64,522.53,313.47,304.31,220.35
General Luna,368.29,507.5,551.79,323.24,333.91,243.59
Gigaquit,353.25,486.15,518.91,318.33,306.95,223.16
Mainit,363.1,482.81,540.08,326.77,327.66,238
Mainit Lake,348.59,487.57,513.68,323.41,289.97,213.78
Malimono,351.61,496.76,524.79,338.49,352.23,237.69
Pilar,316.36,441.79,498.19,302.4,271.96,189.76
Placer,348.65,510.14,520.46,345.14,338.87,225.38
San Benito,356.88,524.07,543.88,359.91,337.63,253.84
San Francisco,357.54,516.35,545.12,348.07,315.87,245.72
San Isidro,349.1,519.14,546.54,380.22,308.35,241.02
Santa Monica,361.81,535.32,551.21,372.18,331.29,262.83
Sison,359.43,531.33,552.66,363.79,321.12,243.93
Socorro,361.12,552.17,547.04,377.82,326.31,255.14
Surigao City,360.25,553.51,550.75,389.34,336.5,250.87
Tagana-An,357.25,558.71,548.61,400.02,339.51,241.61
Tubod,371.78,616.46,569.52,429.35,374.89,266.53
Surigao del Sur,346.43,563.76,599.4,394.84,374.85,274.31
Barobo,355.01,537.75,549.34,387.05,326.8,236.98
Bayabas,360.27,584.04,571.2,418.1,362.71,257.15
Bislig City,350.57,570.8,568.16,412.92,354.74,247.73
Cagwait,349.52,578.33,572.98,421.5,362.06,248.24
Cantilan,347.74,580.9,576.54,419.35,371.95,245.03
Carmen,348.24,573.31,585.78,412.48,373.77,246.47
Carrascal,345.86,558.81,597.39,411.49,381.08,251.46
Cortes,333.53,536.27,618.48,419.68,408.25,268.07
Hinatuan,335.1,534.12,620.24,411.6,382.76,264.52
Lanuza,335.75,535.39,629.57,404.03,383.32,269.64
Lianga,330.59,541.27,624.31,412.37,407.1,272.57
Lingig,342.04,565.08,627.45,409.52,393.65,276.25
Madrid,347.56,566.93,624.68,397.75,385.42,272.79
Marihatag,349.97,564.37,626.38,393.53,384.46,274.63
San Agustin,344.68,553.26,608.46,377.03,384.27,267.5
San Miguel,352.62,594.2,610.4,370.38,378.54,299.72
Tagbina,356.06,603.91,606.18,370.84,382.16,321.75
Tago,349.68,604.23,605.29,364.39,366.63,339.47
Tandag City,343.95,523.09,569.83,350.13,355.39,305.19
Tarlac,63.42,18.47,4.31,7.36,21.31,54.59
Anao,42.05,7.48,3.09,2.39,17.77,60.84
Bamban,50.3,10.42,3.56,4.91,24.34,60.33
Camiling,41.37,7.61,3.08,4.13,18.69,54.49
Capas,51.37,15.67,3.54,7.85,26.14,60.21
Concepcion,36.53,6.19,3.86,4.83,15.85,48.95
Gerona,65.35,22.75,4,11.19,27.99,63.44
La Paz,27.74,5.77,4.36,5.93,16.87,51.01
Mayantoc,67.69,20.18,3.99,9.1,22.6,58.53
Moncada,54.56,12.45,6.18,7.5,17.95,51.1
Paniqui,90.16,31.8,4,10.86,27.08,65.9
Pura,70.76,20.29,6.42,8.32,21.48,50.55
Ramos,77.15,11.47,6.9,6.87,21.5,46.5
San Clemente,85.78,30.2,3.55,9.27,22.33,59.53
San Jose,74,22.21,5.2,7.64,18.9,50.81
San Manuel,81.41,21.58,4.66,6.1,17.56,52.15
Santa Ignacia,72.54,20.44,4.59,7.15,19.22,47.15
Tarlac City,76.63,24.22,4.75,6.77,18.28,45
Victoria,86.67,32.19,4.45,7.89,22.35,51.66
Tawi-Tawi,167.1,186.5,124.6,99.02,106.45,100.89
Bongao,196.04,256.14,211.67,70.06,80.01,86.73
Languyan,143.72,171.21,137.94,87.81,75.72,66.09
Mapun,166.05,171.35,81.82,68.86,88.44,99.92
Panglima Sugala,175.94,176.42,106.76,93.5,107.06,109.57
Sapa-Sapa,192.98,195.7,116.25,106.96,116.8,121.16
Sibutu,175.57,187.16,129.08,110.66,120.82,117.17
Simunul,147.61,163.33,117.66,96.83,104.71,101.43
Sitangkai,168.53,193.11,128.5,117.06,127.26,122.12
South Ubian,135.8,157.55,92.44,86.48,99.38,86.49
Tandubas,170.74,196.18,127.85,128.45,136.75,113.42
Turtle Islands,180.15,201.8,124.01,133.79,139.29,116.5
Zambales,70.28,28.74,3.23,3.48,14.88,41.39
Botolan,58.84,25.68,3.97,4.25,25.71,52.64
Cabangan,71.07,26.84,3.2,4.94,27.94,59.19
Candelaria,73.17,30.94,3.54,5.45,24.89,58.99
Castillejos,59.72,26.42,3.15,2.89,18.4,47.88
Iba,67.44,28.84,3.29,1.86,13.97,46.11
Masinloc,63.95,15.46,2.88,2.91,12.18,41.5
Olongapo City,65.96,19.63,2.99,3.58,9.97,38.78
Palauig,79.7,21.49,2.97,3.24,11,41.07
San Antonio,74.61,21.24,2.58,3.3,13.8,40.95
San Felipe,82.82,31.25,2.78,3.82,14.28,39.56
San Marcelino,66.08,27.12,2.93,3.15,7.55,29.52
San Narciso,104.18,63.64,3.38,2.23,12.89,35.3
Santa Cruz,77.95,41.02,3.09,3.19,6.43,25.41
Subic,71.12,36.44,3.31,1.79,3.14,21.19
Zamboanga del Norte,284.49,216.54,122.85,91.13,121.72,112.69
Bacungan,275.49,216.7,131.44,73.5,87.35,71.33
Baliguian,344.39,290.7,156.55,87.1,115.92,99.47
Dapitan City,340.5,268.47,148.7,89.45,116.59,98
Dipolog City,339.11,261.51,147.82,94.41,116.97,98.9
Godod,343.36,275.05,150.1,99.01,128.25,111.19
Gutalac,333.66,270.88,144.12,103.75,127.83,106.32
Jose Dalman,312.55,234.59,130.17,99.18,115.39,98.22
Kalawit,336.87,276.87,142.62,107.46,135.85,110.33
Katipunan,315.24,245.53,136.5,107.37,125.21,100.74
La Libertad,327.09,278.05,146.87,112.26,141.76,113.57
Labason,301.79,237.35,131.59,111.3,133.23,108.54
Liloy,288.02,213.15,124.52,108.96,128.64,105.7
Manukan,252.25,169.89,103.51,92.16,121,115.11
Mutia,283.58,202.19,108.93,114.93,135.72,119.94
Pinan,250.48,177.39,115.73,91.44,133.66,131.78
Polanco,285.93,196.31,110.89,109.92,137.21,133.54
Pres. Manuel A. Roxas,233.33,173.94,114.59,86,132.22,128.74
Rizal,249.66,163.77,120.53,100.66,146.85,149.74
Salug,294.75,207.71,114.63,113.15,147.06,155.9
Sergio Osmena Sr.,254.44,185.92,119.78,93.99,144.19,141.59
Siayan,276.49,200.02,121.88,100.88,152.43,151.4
Sibuco,257.48,195.36,108.88,77.49,125.22,127.86
Sibutad,262.47,210.07,99.14,67.93,115.71,120.1
Sindangan,267.71,215,91.9,64.98,110.63,116.28
Siocon,223.47,155.71,84.67,65.61,86.72,94.41
Sirawai,164.18,89.52,80.84,65.87,56.74,56.26
Tampilisan,162.68,91.09,83.66,67.9,59.61,64.82
Zamboanga del Sur,251.03,204.15,129.52,108.69,140.89,133.06
Aurora,318.34,267.15,150.12,120.72,150.12,120.23
Bayog,315.3,265.12,155.96,127.55,154.03,125.2
Dimataling,315.82,277.49,170.54,134.49,158.64,125.51
Dinas,288.3,243.91,142.82,129.82,152.95,139.49
Dumalinao,291.87,249.07,162.11,134.02,157.35,134.5
Dumingag,287.24,247.75,152.16,132.8,158.14,139.04
Guipos,314.48,245.64,137.67,130.13,166.14,157
Josefina,307.27,254.66,135.31,131.39,167.63,155.17
Kumalarang,282.62,252.81,144.94,132.32,167.96,141.75
Labangan,293.15,253.05,160.95,135.23,168.15,138.1
Lakewood,298.45,241.37,136.08,129.45,168.57,155.85
Lakewood Lake,270.48,235.7,149.33,129.46,163.89,129.5
Lapuyan,280.78,238.18,156.39,132.58,168.25,135.53
Mahayag,296.92,231.48,134.65,126.4,167.88,160.27
Margosatubig,265.89,230.86,152.59,128.95,163.12,131.74
Midsalip,290.87,225.23,133.49,122.28,170.47,161.59
Molave,258.05,225.5,142.8,121.99,156.81,136.86
Pagadian City,263.78,227.9,136.58,119.97,161.61,150.08
Pitogo,258.12,221.59,134.5,112.66,157.88,151.47
Ramon Magsaysay,236.85,207.15,133.94,109.54,151.77,147.46
San Miguel,252.06,218.54,135.45,110.56,156.77,149.45
San Pablo,237.7,206.7,133.28,106.87,154.8,152.09
Sominot,231.56,196.84,133.42,100.36,146.99,157.27
Tabina,224.99,194.09,131.69,101.53,152.95,156.64
Tambulig,226.38,187.29,130,98.91,147.71,154.94
Tigbao,222.44,189.16,126.63,96.43,148.63,153.96
Tukuran,215.54,158.97,113.58,81.19,124.79,138.39
Vincenzo A. Sagun,200.4,142.75,94.65,69.74,98.68,113.36
Zamboanga City,163.65,104.42,81.19,65.44,76.63,91.48
Zamboanga Sibugay,225.95,185.57,123.2,94.56,152.5,155.82
Alicia,263.61,184.75,129.4,100.53,166.6,165.96
Buug,270.6,197.58,129.19,104.02,168.49,169.04
Diplahan,237.51,174.68,127.18,92.45,151.99,155.1
Imelda,288.58,210.41,133.98,113.19,175.08,180.69
Ipil,243.64,189.77,121.44,96.15,144.59,148.3
Kabasalan,254.48,193.24,130.07,102.47,159.3,165.7
Mabuhay,193.81,155.67,102.26,72.47,117.11,118.09
Malangas,256.3,199.61,125.9,99.74,153.08,158.42
Naga,230.29,188.21,121.9,90.21,145.49,149.18
Olutanga,250.21,206.6,132.35,107.27,164.19,167.62
Payao,222.35,188.27,119.82,89.36,142.89,146.05
Roseller Lim,216.08,188.61,118.23,88.89,143.22,146.87
Siay,208.21,186.22,117.47,89.08,145.76,148.69
Talusan,200.67,200.41,133.53,104.45,177.35,174.76
Titay,175.94,164.77,108.58,81.98,135.25,140.97
Tungawan,180.82,172.04,126.28,95.66,162.1,166.23
