Municipality,August,September,October,November,December,"January, 2019"
Abra,504.77,415.03,216.69,156.79,47.34,14.29
Bangued,592.45,449.34,190.85,91,17.65,6.33
Boliney,461.62,371.33,223.82,199.16,70.7,16.66
Bucay,589.03,493.28,209.66,121,19.35,9.27
Bucloc,482.62,396.39,219.03,178.11,55.49,15.8
Daguioman,438.65,370.25,237.9,222.84,83.95,20.57
Danglas,563.8,421.5,186.58,118.19,27.12,8.29
Dolores,587.81,485.44,197.51,94.51,14.09,9.59
La Paz,587.98,460.27,192.23,95.74,17.6,7.77
Lacub,427.71,392.77,246.79,229.57,81.21,23.13
Lagangilang,552.8,467.67,205.37,117.75,20.86,12.26
Lagayan,512.25,428.99,207.83,141.5,32.15,12.89
Langiden,581.11,428.12,176.22,72.6,17.68,4.77
Licuan-Baay,473.69,421.03,226.05,185.05,52.9,17.52
Luba,512.98,400.27,200.21,124.94,38.23,9.96
Malibcong,419.33,373.85,247.84,244.23,94.85,24.76
Manabo,529.5,426.31,205.24,124.3,30.72,10.44
Peñarrubia,616.28,500.53,205.6,99.52,13.46,6.57
Pidigan,586.12,439.74,187.41,72.8,16.41,5.2
Pilar,546.71,399.83,198.67,83.8,22.18,6.92
Sallapadan,531.33,436.45,209.54,152.62,38.95,12.62
San Isidro,568.84,426.72,198.43,84.64,18.75,6.79
San Juan,529.33,440.63,204.05,121.94,27.95,13.1
San Quintin,574.95,421.49,175.96,66.33,21.78,4.15
Tayum,628.25,511.93,199.8,86.28,9.23,6.75
Tineg,425.24,399.33,254.52,233.3,77.95,24.14
Tubo,471.83,360.22,213.5,167.15,57.81,13.25
Villaviciosa,543.07,414.06,202.93,88.35,22.22,8.08
Agusan del Norte,208.63,184.98,232.84,301.8,456.78,480.87
Buenavista,198.88,165.03,212.82,257.18,320.07,367.39
Butuan City,194.6,169.55,210.9,265.82,385.65,464.1
Cabadbaran City,228.76,204.24,242.78,327.7,556.27,565.02
Carmen,166.54,164.91,208.82,279.36,361.17,375.47
Jabonga,217.98,189.67,259.08,353.28,589.65,555.62
Kitcharao,220.95,190.11,260.65,367.43,604.57,565.15
Las Nieves,233.92,208.52,240.21,272.2,347.82,422.91
Magallanes,155.33,164.26,184.45,278.44,418.09,477.37
Mainit Lake,184.16,187.28,245.09,361.28,586.1,553.29
Nasipit,191.84,158,216.44,262.77,338.92,363.51
Remedios T. Romualdez,215.81,192.53,227.79,304.13,499.81,531.15
Santiago,240.02,202.99,264.36,352.23,614.56,568.79
Tubay,189.7,184.02,237.41,322.93,531.47,547.51
Agusan del Sur,294.4,298.65,288.58,281.4,439.24,502.25
Bayugan City,258.42,210.57,247.18,293.41,452.88,546.69
Bunawan,292.04,322.92,305.73,313.23,522.9,576.7
Esperanza,260.09,242.44,255.25,261.35,377.94,466.41
La Paz,339.47,354.99,314.14,261.4,379.25,446.09
Loreto,332.44,375.42,318.94,262.71,373.76,415.2
Prosperidad,281.32,234.56,250.23,310.52,498.78,580.95
Rosario,292.26,304.92,287.66,328.13,562.7,587.52
San Francisco,294.02,290.66,279.19,304.26,512.29,580.57
San Luis,314.59,301.1,292.16,245.46,369.46,453.57
Santa Josefa,263.27,300.54,301.43,269.82,459.89,526.33
Sibagat,242.83,210.94,245.3,313.98,512.96,560.42
Talacogon,303.24,313.67,291.68,252.34,440.4,542.06
Trento,259.38,268.53,302.65,318.24,506.63,568.38
Veruela,302.79,358.66,317.13,256.14,391.39,417.18
Aklan,402.8,296.96,405.78,358.51,293.26,147.33
Altavas,273.19,252.35,362.44,339.31,301.56,159.07
Balete,292.47,220.69,382.09,376.28,349.62,179.09
Banga,280.55,201.23,407.08,359.8,280.89,154.25
Batan,249.42,202.3,368.28,356.85,317.75,162.23
Buruanga,508.91,360.68,374.29,330.29,269.83,132.93
Ibajay,482.93,358.75,457.72,393.81,317.87,161.47
Kalibo,236.87,201.37,393.14,349.59,237.32,132.23
Lezo,256.27,211.78,413.86,348.55,227.78,128.01
Libacao,469.43,366.91,400.31,351.94,305.21,142.04
Madalag,558.26,371.57,421.55,350.34,294.75,133.04
Makato,317.38,233.09,425,354.43,256.13,133.56
Malay,456.53,335.47,351.68,322.6,257.54,125.93
Malinao,455.1,306.3,451.87,376.6,299.83,146.78
Nabas,501.14,375.49,421.17,371.55,289.49,155.51
New Washington,234.68,189.8,368.92,352.99,289.79,150.15
Numancia,236.37,200.66,403.22,355.53,236.96,127.63
Tangalan,373.11,273.88,422.07,361.03,277.26,142.75
Albay,237.83,313.02,378.56,376.22,435.08,251.34
Bacacay,188.37,278.61,348.92,412.28,479.03,303.26
Bato Lake,236.25,332.2,375.58,378.03,414.07,191.26
Camalig,260.6,338.55,382.45,375.8,446.21,262.09
Daraga,266.64,332.75,386.28,413.74,466.8,295.83
Guinobatan,256.87,338.8,377.58,328.7,420.71,220.48
Jovellar,230.57,325.59,347.3,319.67,396.08,222.29
Legazpi City,238.02,295.95,356.38,389.36,449.35,286.59
Libon,239.88,340.72,373.4,359.57,392.71,193.24
Ligao City,248.3,335.78,372.86,335.57,398.65,212.36
Malilipot,243.36,304.5,405.63,443.37,509.54,313.17
Malinao,256.23,295.98,423.55,449.03,478.44,275.55
Manito,188.11,203.6,291.61,267.49,364.37,225.04
Oas,243.48,337.84,368.86,337.89,379.33,200.91
Pio Duran,229.15,332.38,352.31,310.31,376.71,198.68
Polangui,254.07,327.42,397.82,378.72,423.29,215.52
Rapu-Rapu,185.28,267.79,394.79,370.03,465.62,305.73
Santo Domingo,248.12,295.99,404.31,469.42,519.34,336.39
Tabaco City,240.25,308.99,402.04,430.47,483.38,289.47
Tiwi,257.33,301.93,434.07,457.48,478.47,271.06
Antique,590.37,443.6,356.56,248.24,177.59,75.26
Anini-Y,473.5,406.31,277.47,143.2,84.07,34.82
Barbaza,748.54,523.27,381.86,264.26,196.13,73.87
Belison,599.86,475.83,318.98,188.95,115.29,45.86
Bugasong,695.75,535.86,367.05,228.49,147.18,56.5
Caluya,462.84,330.33,280.94,222.45,149.09,60.57
Culasi,408.24,144.06,423.4,334.08,298.62,109.04
Hamtic,561.03,449.6,307.42,179.31,106.78,43.44
Laua-An,735.02,540.83,367.93,232.92,162.26,56.38
Libertad,497.89,376.09,379.11,323.37,261.73,129.88
Pandan,557.06,454.76,495.13,440.42,349.6,189.94
Patnongon,641.36,505.12,331.82,197.43,115.7,46.98
San Jose,570.8,497.32,322.52,178.83,78.87,37.05
San Remigio,591.63,477.56,315.52,194.19,119.28,54.07
Sebaste,620.74,456.67,515.7,439.3,363.97,178.81
Sibalom,576.83,452.35,307.55,188.8,116.33,49.85
Tibiao,759.91,499.32,400.03,307.62,253.56,84.22
Tobias Fornier,482.43,424.29,275.67,150.61,96.13,34.25
Valderrama,616.82,506.12,338.85,208.87,136.82,56.96
Apayao,278.29,311.11,331.73,372.89,155.44,49.41
Calanasan,318.79,343.8,359.04,334,123.9,38.96
Conner,296.63,303.74,284.01,369.43,155.94,39.76
Flora,232.9,283.52,306.05,349.34,149.97,60.14
Kabugao,281.89,317.68,344.21,419.61,174.58,51.68
Luna,246.72,293.74,352.2,369.76,164.47,55.19
Pudtol,246.08,300.73,324.99,402.33,170.28,58.74
Santa Marcela,227.23,257.48,319.84,303.31,163.22,81.1
Aurora,249.03,315.71,409.03,454.14,302.34,130.4
Baler,210.95,302.3,413.91,391.59,176.14,158.59
Casiguran,212.88,309.47,430.19,572.97,465.18,164.3
Dilasag,205.16,297.64,444.75,580.57,481.65,151.61
Dinalungan,228.33,329.46,407.02,485.56,355.99,126.45
Dingalan,326.43,335.96,403.23,397.96,231.81,93.12
Dipaculao,245.14,326.3,387.48,395.37,236.6,112.95
Maria Aurora,293.66,319.58,369.85,351.29,175.44,108.9
San Luis,260.09,306.36,405.83,379.26,174.23,123.94
Basilan,191.45,197.5,224.62,168.44,124.44,108.78
Akbar,171.03,195.05,199.88,154.9,104.06,121.79
Al-Barka,197.73,208.24,203.91,174.6,114.25,114.88
Hadji Mohammad Ajul,184.68,201.58,218.07,175.67,121.38,108.3
Isabela City,207.97,202.72,252.11,159.76,140.67,101.86
Lamitan City,180.44,200.89,209.45,153.86,105.34,107.35
Lantawan,180.48,190.78,243.07,160.84,128.93,91.64
Maluso,212.14,189.66,251.07,184.5,141.38,114.93
Sumisip,207.93,194.96,225.16,182.58,138.5,118.72
Tipo-Tipo,189.12,202.6,203.52,173.79,112.92,115.08
Tuburan,181.03,205.47,210.03,165.74,111.17,112.74
Ungkaya Pukan,191.11,196.16,207.03,181.67,122.23,118.14
Bataan,757.41,459.28,222.17,99.33,49.59,3.63
Abucay,763.42,437.25,224.86,117.52,57.56,3.51
Bagac,799.04,458.01,224.25,95.46,52.09,3.39
Balanga City,783.53,433.89,222.01,107.68,51.66,3.37
Dinalupihan,716.71,435.25,211.18,88.63,41.77,2.78
Hermosa,722.66,445.92,216.16,102.1,43.91,2.86
Limay,766.07,451.11,241.12,104.6,55.05,6.58
Mariveles,699.81,460.85,215.49,84.35,47.36,4.47
Morong,812.44,541.47,230.68,94.47,51.93,3.3
Orani,721.12,439.67,214.32,109.15,47.9,3.12
Orion,753.99,436.35,228.22,103.63,47.83,4.93
Pilar,787.18,432.73,227.64,97.47,45.8,3.56
Samal,740.34,440.88,218.49,113.67,53.13,3.34
Batanes,380.35,312.24,346.13,233.09,106.69,128.1
Basco,401.25,345.61,438.08,263.03,123.22,151.57
Itbayat,380.72,302.77,289.6,206.76,94.2,114.19
Ivana,355.92,301.92,356.82,231.26,101.86,127.45
Mahatao,396.76,336.91,422.68,251.36,114.99,147.13
Sabtang,388.25,317.17,370.53,261.13,122.68,136.63
Uyugan,353,293.49,340.39,235.31,104.78,124.27
Batangas,336.94,304.18,252.56,177.43,143.38,34.37
Agoncillo,381.44,302.44,245.62,188.48,149.25,25.35
Alitagtag,322.35,278.74,245.48,196.23,140.85,32.83
Balayan,451.97,347.71,228.36,117.6,99.48,20.24
Balete,314.62,300.37,254.98,225.11,176.12,34.19
Batangas City,261.03,271.22,260.69,188.93,154.97,39.84
Bauan,318.94,279.14,231.93,200.42,140.9,27.37
Calaca,434.98,335.37,232.58,123.19,103.21,22.01
Calatagan,436.67,310.56,222.88,128.23,105.51,18.2
Cuenca,324.57,288.53,267.19,233.09,178.63,34.2
Ibaan,272.89,272.72,252.32,141.92,130.63,41.97
Laurel,403.51,347.59,241.91,179.1,126.04,24.67
Lemery,375.22,301.37,243.48,146.37,115.1,24.1
Lian,494.28,381.88,215.81,78.23,91.02,15.53
Lipa City,304.02,282.97,269.81,184.07,155.05,44.95
Lobo,217.26,250.12,315.91,217.36,182.05,60.13
Mabini,329.81,269.17,239.55,214.93,151.16,24.99
Malvar,316.14,304.83,256.29,212.85,168.8,37
Mataas Na Kahoy,322.24,291.3,271.77,266.6,199.95,31.98
Nasugbu,534.65,430.05,211.34,117.82,82.95,11.45
Padre Garcia,261.2,267.95,278.14,155.72,153.5,52.68
Rosario,234.45,255.9,280.46,160.84,151.1,56.7
San Jose,311.63,278.54,254.08,178.2,148.33,38.23
San Juan,186.83,251.2,292.92,217.08,198.34,65.73
San Luis,339.74,271.75,240.95,184.96,122.56,30.23
San Nicolas,348.44,294.93,242.71,215.31,165.32,25.64
San Pascual,297.73,279.91,236.25,188.46,138.75,29.98
Santa Teresita,347.72,280,248.56,188.64,136.71,30.6
Santo Tomas,315.08,320.21,261.39,196.97,150.22,40.93
Taal,358.2,288.2,249.2,180.07,133.61,28.55
Taal lake,339.16,303.94,249.62,228.82,171.39,26.29
Talisay,339.03,332.62,245.85,220.71,162.19,23.42
Tanauan City,335.66,339.05,251.54,203.28,159.2,31.13
Taysan,236.38,257.1,273.49,160.35,151.33,54.08
Tingloy,318.25,255.99,237.79,221.3,161.22,29.72
Tuy,472.76,383.76,221.98,100.88,95.37,18.75
Benguet,702.15,399.21,292.92,126.71,51.77,12.11
Atok,708.37,393.63,293.5,127.33,46.4,10.85
Baguio City,863.84,527.23,378.28,95.63,38.34,9.96
Bakun,598.37,363.6,251.67,119.11,36.54,11.06
Bokod,712.36,360.55,324.64,150.82,73.06,17.82
Buguias,559.83,342.58,243.96,154.41,54.68,17.51
Itogon,722.17,381.81,303.43,120.08,61.84,11.59
Kabayan,595.03,352.59,276.92,152.65,61.61,18.64
Kapangan,756.74,427.46,287.58,116.17,42.26,8.6
Kibungan,642.4,370.05,262.95,134.33,45.08,10.74
La Trinidad,841.47,494.9,343.46,105.57,41.29,10.26
Mankayan,576.07,369.02,262.09,139.1,47.23,14.3
Sablan,834.18,491.01,306.36,105.99,43.41,7.42
Tuba,807.75,466.22,306.18,108.27,50.87,6.93
Tublay,771.67,430.81,309.14,111.23,42.45,10.1
Biliran,261.83,243.61,358.89,319.68,394.44,317.21
Almeria,245.48,231.75,329.62,304.22,378.32,307.5
Biliran,247.6,246.8,344.17,330.47,404.15,322.83
Cabucgayan,280.57,256.83,408.36,338.36,421.54,343.64
Caibiran,284.22,253.25,400.05,326.64,421.53,331.83
Culaba,270.36,246.54,371.08,322.24,400.1,318.04
Kawayan,277.59,238.04,359.59,315.79,376.64,309.67
Maripipi,263.24,244.09,342.7,307.31,363.12,293.2
Naval,232.46,235.91,325.06,315.27,387.81,311.58
Bohol,185.52,181.06,201.51,219.83,218.04,186.95
Albuquerque,150.47,130.92,171.24,190.1,159.33,127.17
Alicia,199.12,202.9,219.81,231.41,229.15,227.85
Anda,191.64,186.81,215.98,236.51,270.76,243.9
Antequera,170.17,154.4,179.95,205.7,186.57,133.82
Baclayon,136.93,127.17,162.6,183.7,147.64,122.51
Balilihan,180.93,158.17,181.86,215.43,198.5,147.73
Batuan,211.15,179.25,189.07,244.77,238.93,190.36
Bien Unido,172.79,209.35,218.72,219.95,258.11,265.25
Bilar,202.26,158.71,182.2,227.38,223.52,173.73
Buenavista,187.69,205.59,214.57,215.84,230.79,185.61
Calape,181.49,169.09,190.1,210.59,191.36,133.76
Candijay,196.25,194.75,215.82,238.71,255.95,230.98
Carmen,206.84,186.71,197.73,233.39,213.3,195.41
Catigbian,192.51,175.87,187.41,223,211.69,164.87
Clarin,193.13,180.66,201.94,216.11,210.11,164.75
Corella,154.74,143.08,167.78,187.85,156.05,126.13
Cortes,154.82,144.45,171.3,195.78,162.33,126.21
Dagohoy,195.75,200.54,214.7,230.29,201.33,204.16
Danao,195.78,199.2,216.78,224.44,215.54,194.97
Dauis,125.03,122.18,160.78,168.33,123.89,110.83
Dimiao,187.47,152.54,190.49,204.9,207.33,181.71
Duero,213.03,179.42,213.72,232.19,248.2,203.32
Garcia Hernandez,206.02,169.88,198.79,221.44,231.76,188.19
Guindulman,199.66,185.49,214.57,234.06,250.69,216.74
Inabanga,183.42,193.34,211.44,217.31,222.68,178.18
Jagna,206.11,171.29,202.66,225.22,241.11,195.31
Jetafe,177.08,212.33,219.82,214.39,237.72,195.62
Lila,179.36,137.31,186.19,198.58,190.38,156.36
Loay,148.88,127.19,171.28,191.66,169.75,137.64
Loboc,168.15,135.3,176.62,199.68,180.77,142.76
Loon,180.07,153.81,186.98,205.29,174.5,124.65
Mabini,193.47,203.11,219.55,241.96,266.93,249
Maribojoc,168.65,147.71,182.93,201.45,172.1,125.01
Panglao,118.02,121.5,162.55,165.57,116.17,109.06
Pilar,200.28,196.41,212.67,229.18,214.75,208.56
Pres. Carlos P. Garcia,194.13,219.62,226.32,251,303.15,277.29
Sagbayan,187.57,184.81,195.49,220.46,215.31,177.13
San Isidro,180.6,165.09,186.68,210.8,196.57,141.44
San Miguel,185.52,208.9,221.9,227.18,224.41,215.71
Sevilla,180.63,151.17,179.2,207.36,193.41,149.26
Sierra Bullones,208.41,185.18,199.88,231.56,216.64,194.01
Sikatuna,167.48,144.75,173.27,195.02,168.55,135.71
Tagbilaran City,139.6,136.57,169.55,183.11,142.13,117.85
Talibon,174.53,219.43,227.18,226.83,252.07,222.73
Trinidad,182.88,216.45,221.96,226.25,242.12,211.91
Tubigon,188.78,177.2,198.19,206.58,196.11,156.3
Ubay,186.14,216.07,223.57,238.77,257.75,241.23
Valencia,198.3,159.68,193.87,218.12,223.56,181
Bukidnon,335.64,356.2,289.14,225.78,215.54,171.41
Baungon,328.92,326.02,272.64,213.04,182.72,124.28
Cabanglasan,380.48,390.92,321.65,231.62,248.76,243.23
Damulog,240.3,300.13,254.9,192.72,178.01,160.86
Dangcagan,274.61,349.37,261.52,194.03,182.22,167.13
Don Carlos,295.75,368.53,269.7,193.09,170.08,161.37
Impasug-Ong,347.85,329.85,284.84,250.38,282.41,231.74
Kadingilan,266.51,327.06,266.52,197.08,189.06,152.03
Kalilangan,333.04,379.36,282.83,244.41,204.02,143.27
Kibawe,274.25,334.95,268.65,202.35,190.03,167.66
Kitaotao,291.99,357.28,274.74,209.31,190.28,173.46
Lantapan,376.43,376.8,325.98,223.07,185.51,135.86
Libona,311.36,306.27,262.12,193.87,177.6,116.04
Malaybalay City,372.21,376.21,316.58,228.16,234.75,204.43
Malitbog,297.56,276.67,259.55,225.03,257.34,207.2
Manolo Fortich,314.19,300.06,266.49,206.64,210.69,146.19
Maramag,331.86,379.54,290.38,198.17,166.27,162.58
Pangantucan,335.03,379.93,293.14,233.25,209.16,144.39
Quezon,335.82,379.05,292.11,232.09,217.29,188.43
San Fernando,360.59,388.92,317.75,240.84,250.91,226.25
Sumilao,351.32,323.96,277.45,221.55,204.9,139.96
Talakag,358.41,382.56,283.36,267.33,230.54,131.75
Valencia City,368.17,388.15,316.39,219.26,198.76,168.09
Bulacan,512.61,425.46,264.83,194.26,125.66,31.79
Angat,584.71,490.66,233.99,133.06,114.2,27.57
Balagtas,545.83,435.9,230.01,145.68,89.84,16.61
Baliuag,531.14,414.87,234.5,109.95,78.27,18.02
Bocaue,543.92,435.44,231.47,154.1,93.99,16.31
Bulacan,544.1,420.88,223.22,167.72,91.29,9.83
Bustos,555.09,452.63,226.41,108,80.08,20.88
Calumpit,519.66,388.65,202.21,128.98,61.42,7.57
Doña Remedios Trinidad,442.75,406.93,340.79,323.13,209.67,62.48
Guiguinto,543.28,423.21,226.53,156.92,87.85,14.65
Hagonoy,563.34,405.63,199.16,152.36,66.74,5.05
Malolos City,543.13,409.71,214.22,153.7,76.14,9.95
Marilao,530.69,433.72,242.42,171.38,87.51,16.94
Meycauayan City,522.03,426.82,248.04,168.61,80.38,16.5
Norzagaray,524.9,454.46,324.5,271.16,205.47,54.19
Obando,507.55,402.84,225.36,136.69,55.26,10.27
Pandi,567.59,464.72,222.92,112.92,82.53,20.76
Paombong,551.92,406.9,199.36,155.55,68.74,5.3
Plaridel,542.67,427.77,221.66,121.34,66.81,15.25
Pulilan,536.31,416.15,221.46,117.81,69.04,14.17
San Ildefonso,503.12,419.99,269.73,173.68,118.97,34.14
San Jose del Monte City,547.94,467.14,280.9,206.98,155.15,35.59
San Miguel,439.7,375.7,262.87,180.79,110.46,33.42
San Rafael,543.24,447.06,252.41,141.59,109.19,29.18
Santa Maria,566.25,474.21,236.69,138.52,100.77,21.95
Cagayan,221.21,258.86,339.38,375.35,209.02,73.78
Abulug,202.71,248.33,298.44,302.7,175.14,80.2
Alcala,215.5,268.23,304.64,341.1,139.25,47.17
Allacapan,223.99,266.72,330.43,288.02,163.93,83.67
Amulung,225.05,255.55,315.55,321.93,168.45,58.59
Aparri,208.24,248,315.38,273.69,186.33,100.24
Baggao,220.39,262.71,402.28,495.81,291.83,83.03
Ballesteros,218.89,240.67,325.29,275.71,194.64,108.45
Buguey,192.23,236.01,349.64,349.81,250.54,101.05
Calayan,256.69,324.36,314.87,317.96,146.41,96.09
Camalaniugan,219.2,241.58,364.81,301.9,232.63,115.38
Claveria,257.84,278.34,435.18,300.13,134.22,42.32
Enrile,255.88,224.92,297.08,210.75,105.82,40.23
Gattaran,212.31,273.25,372.21,453.37,251.47,73.81
Gonzaga,183.01,233.02,363.62,464.63,301.7,100.56
Iguig,234.91,238.03,309.76,291.22,166.3,54.17
Lal-Lo,203.98,270.55,365.98,415.28,263.5,86.01
Lasam,216.02,284.35,291.31,355.99,107.71,33.29
Pamplona,203.95,254.13,310.83,325.32,175.14,62.86
Peñablanca,227.02,240.13,389.15,537.59,334.91,81.13
Piat,230.72,239.07,264.62,270.37,122.03,44.58
Rizal,235.28,277.19,274.17,359.8,145.14,42.16
Sanchez-Mira,226.24,260.05,362.28,313.89,152.16,50.53
Santa Ana,172.92,229.74,318.51,430.26,275.59,109.07
Santa Praxedes,295.88,308.5,446.74,295.23,115.43,34.31
Santa Teresita,183.38,236.17,351.07,374.09,262.11,92.63
Santo Niño,221.8,271.8,282.73,358.58,131.1,39.29
Solana,251.01,232,283.57,242.37,117.3,45.64
Tuao,238.99,221.8,252.51,272.87,120.7,40.58
Tuguegarao City,246.64,221.83,312.04,273.18,134.99,44.32
Camarines Norte,216.52,281.53,533.65,530.57,589.65,248.15
Basud,244.99,318.76,552.18,543.96,592.82,287.16
Capalonga,193.41,243.1,494.55,498.06,562.37,189.12
Daet,223.43,289.84,574.78,574.23,630.79,316.53
Jose Panganiban,202.35,257.61,517.48,513.97,595.86,221.57
Labo,226.14,295.7,557.78,549.92,613.2,238.62
Mercedes,234.18,295.21,533.73,515.88,569.44,277.14
Paracale,199.98,262.4,556.61,534.63,627.25,261.29
San Lorenzo Ruiz,244.3,330.36,587.05,602.07,631.19,305.67
San Vicente,244.43,320.38,611.78,621.44,641.55,310.78
Santa Elena,203.54,253.23,496.29,491.44,562.21,172.38
Talisay,218.1,277.74,577.45,567.73,629.86,311.71
Vinzons,179.85,251.91,447.69,469.19,508.72,228.19
Camarines Sur,230.08,330.33,441.42,407.84,447.31,207.95
Baao,232.15,339.35,388.53,361.07,386.34,184.83
Balatan,233.94,342.21,366.25,357.93,393.65,176.77
Bato,234.32,332.61,372.93,371.17,402.98,187.4
Bato Lake,229.18,332.34,370.01,380.24,405.08,187.17
Bombon,217,336.01,403.54,367.86,410.45,166.28
Buhi,269.78,326.61,429.75,423.74,452.27,231.23
Buhi Lake,277.17,329.7,444.5,435.7,460.91,225.29
Bula,217.58,350.78,352.95,329.62,351.91,150.85
Cabusao,236.26,365.08,423.37,367.43,441.57,192.07
Calabanga,246.11,316.43,455.94,393.67,439.43,188.65
Camaligan,209.51,345.88,376.93,302.53,366.23,142.69
Canaman,217.65,352.75,379.3,313.52,377.17,148.43
Caramoan,189.52,245.48,477.24,472.93,501.34,285.42
Del Gallego,254.78,384.05,538.76,508.27,576.8,219.77
Gainza,211.8,352.39,373.73,309.44,357.03,145.85
Garchitorena,196.74,260.64,494.18,455.53,493.19,269.24
Goa,246.37,304.8,486.35,438.83,458.39,226.25
Iriga City,250.99,333.47,414.45,378.62,416.95,198.91
Lagonoy,216.1,282.34,500.01,461.15,488.31,253.95
Libmanan,250.94,398.16,406.33,363.44,412.44,174.7
Lupi,254.74,384.17,504.76,478.62,546.11,235.13
Magarao,218.86,341.28,395.66,358.05,403.98,163.44
Milaor,195.55,358.46,335.2,294.09,315.23,125.45
Minalabac,209.67,364.37,340.25,308.59,317.12,129.07
Nabua,233.13,336.26,374.74,366.98,401.1,182.84
Naga City,229.33,321.55,408.55,350.23,403.27,156.9
Ocampo,243.14,329.03,426.58,355.45,380.92,191.33
Pamplona,239.08,379.97,373.27,335.75,386.15,158.18
Pasacao,241.38,381.19,367.49,339.9,364.1,154.39
Pili,204.68,329.87,353.63,303.22,320.34,131.78
Presentacion,230.04,287.98,497.4,465.17,486.61,270.07
Ragay,253.08,406.11,488.39,453.05,529.82,208.27
Sagnay,238.32,327.23,448.33,427.65,462.63,244.67
San Fernando,222.88,376.43,360.41,325.55,345.46,144.68
San Jose,210.98,309.89,469.51,448.78,459.07,250.84
Sipocot,250.27,379.59,459.97,424.14,489.59,212.81
Siruma,190.11,230.15,503.34,471.15,521.89,252.55
Tigaon,243.94,318.49,474.29,418.63,446.34,225.27
Tinambac,213.15,269.89,481.29,450.91,490.76,232.04
Camiguin,185.67,123.16,240.09,250.12,343.5,367.24
Catarman,175.74,117.75,232.45,251.77,342.08,362.93
Guinsiliban,188.62,125.62,240.84,253.62,346.32,357.95
Mahinog,195.52,125.09,249.53,257.97,363.25,380.41
Mambajao,196.91,110.26,255.86,258.09,375.09,402.91
Sagay,172.51,146,219.58,227.26,282.02,320.02
Capiz,342.25,320.95,334.92,278.96,232.65,127.87
Cuartero,294.87,290.59,303.35,263.5,215.59,126.56
Dao,295.21,297.92,296.69,258.12,210.22,123.9
Dumalag,308.53,323.77,287.04,275.71,230.76,122.36
Dumarao,270.72,278.28,287.79,263.41,221.77,123.72
Ivisan,301.98,276.55,352.14,257.87,221.88,109.56
Jamindan,432.44,387.85,354.76,310.6,259.33,124.9
Ma-Ayon,314.24,287.78,335.51,254.92,211.58,136.81
Mambusao,315.44,316.89,334.09,276.35,226.6,122.83
Panay,276.73,258.36,343.14,278.7,232.74,134.27
Panitan,303.63,280.94,329.11,241.76,199.92,122.95
Pilar,344,308.13,392.02,327.32,289.21,185.66
Pontevedra,309.89,282.59,351.48,282.25,238.38,145.06
President Roxas,352.9,309.69,388.18,326.18,289.42,181.56
Roxas City,281.32,250.86,343.33,239.09,202.43,107.33
Sapi-An,307.98,300.93,350.31,285.69,237.44,123.72
Sigma,308.48,302.98,320.34,252.6,207.36,118.47
Tapaz,458.36,421.34,327.75,282.59,224.45,104.81
Catanduanes,211.09,279.09,537.04,468.38,495.33,320.28
Bagamanoc,199.34,225.55,511.86,502.37,503.21,302.14
Baras,223.95,358.62,596.09,438.51,487.95,391.57
Bato,227.32,397.74,651.51,441.26,495.44,411.02
Caramoran,208.72,244.23,528.89,501.14,509.02,303.75
Gigmoto,223.39,311.45,582.41,459.59,505.29,359.23
Pandan,168.91,192.92,450.22,461.11,482.46,275.37
Panganiban,200.95,237.56,513.32,490.52,492.31,312.86
San Andres,207.99,283.94,497.33,459.17,478.32,284.67
San Miguel,242.84,346.58,617.77,458.51,501.64,364.3
Viga,212.79,267.16,541.63,476.57,503.39,326.47
Virac,215.75,299.82,504.14,431.81,482.72,281.96
Cavite,461.42,406.87,207.3,122.21,82.16,16.2
Alfonso,455.91,396.53,207.33,142.64,91.75,22.7
Amadeo,429.6,406.13,205.1,172.2,113.47,30.75
Bacoor,413.52,381.76,215.08,130.72,66.85,10.74
Carmona,396.83,404.14,251.35,162.85,131.44,30.96
Cavite City,417.54,372.42,159.28,82.54,27.48,5.89
Dasmariñas,421.31,413.87,220.76,78.44,82.98,21.32
General Emilio Aguinaldo,502.05,423.98,199.74,127.6,71.01,12.33
General Mariano Alvarez,412.19,411.76,236.54,141.07,114.96,27.18
General Trias,445.59,411.68,201.4,86.49,81.42,14.83
Imus,432.18,387.76,203.15,84.2,49.22,8.85
Indang,451.47,408.74,200.95,159.72,103.56,23.74
Kawit,431.14,386.46,182.34,83.52,19.04,4.38
Magallanes,525.6,436.45,203.05,122.98,73.92,10.67
Maragondon,548.44,427.72,198.41,121.87,68.61,6.37
Mendez,438.31,393.61,202.76,160.24,107.3,27.54
Naic,508.76,420.83,188.27,111.05,70.64,7.43
Noveleta,431.75,386.81,181.61,82.25,17.48,4.34
Rosario,477.42,385.57,175.54,32.89,22.83,2.97
Silang,406.69,402.34,231.76,154.75,124.46,32.7
Tagaytay City,392.97,363.05,253.43,172.92,121.87,28.86
Tanza,491.58,403.72,182.46,82.75,60.08,4.74
Ternate,586.07,440.92,207.12,117.92,66.68,4.94
Trece Martires City,464.19,422.61,197.88,108.33,81.79,13.76
Cebu,189.75,188.59,216.67,197.12,184.06,148.4
Alcantara,179.7,157.26,176.23,210.67,179.25,122.4
Alcoy,184.38,155.84,193.61,213.32,194.36,143.95
Alegria,187.47,171.02,213.44,227.85,205.52,148.84
Aloguinsan,187.65,177.18,200.24,199.05,189.68,117.28
Argao,198.5,153.51,184.11,198.86,172.57,124.69
Asturias,173.41,197.46,219.36,194.01,179.53,151.77
Badian,200.56,165.74,205.01,211.14,184.76,132.38
Balamban,215.08,207.66,215.53,181.71,175.45,128.77
Bantayan,147.59,195.25,266.69,218.7,189.31,165.46
Barili,182.78,160.76,188.33,215.14,194.61,121.66
Bogo City,204.83,217.06,246.83,163.38,112.95,130.12
Boljoon,188.71,153.1,212.57,208.8,178.94,136.54
Borbon,179.78,213.38,231.16,192.78,174.51,169.2
Carcar,190.86,168.84,194.79,195.18,174.98,115.53
Carmen,195.12,205.44,224.78,194.9,203.76,171.01
Catmon,185.79,202.59,228.1,197.55,205.85,177.43
Cebu City,229.55,195,198.77,149.56,150.42,113.74
Compostela,202.7,201.5,212.45,166.87,171.81,147.38
Consolacion,188.74,181.86,189.72,153.1,150.46,126.71
Cordoba,170.11,183.06,186.88,143.51,161.59,178.74
Daanbantayan,173.58,225.16,269.19,246.24,258.91,218.16
Dalaguete,204.56,157.1,193.06,201.56,182.57,132.65
Danao City,196.02,204.5,220.22,185.07,192.36,161.49
Danao Lake,165.72,242.59,249.14,241.94,273.87,256.86
Dumanjug,165.21,149.34,164.37,223.67,193.8,123.28
Ginatilan,200.07,159.63,226.47,207.47,171.48,131.28
Lapu-Lapu City,172.25,169.28,174.25,159.08,152.52,122.85
Liloan,194.6,192.26,200.65,161.76,165.26,138.99
Madridejos,144.09,196.25,277.37,233.49,197.49,183.45
Malabuyoc,191.24,169.57,230.21,227.78,196.86,147.1
Mandaue City,181.92,172.09,178.1,135.71,127.12,114.25
Medellin,180.22,214.5,261.23,201.92,172.76,164.29
Minglanilla,253.75,206.61,208.78,177.7,179.13,97.43
Moalboal,187.06,160.21,188.83,191.69,168.34,125.18
Naga City,236.55,199.13,210.39,181.33,178.07,101.58
Oslob,181.17,146.61,208.56,189.94,155.95,123.45
Pilar,211.76,253.68,278.61,271.39,316.63,319.62
Pinamungahan,205.66,187.92,201.58,189.83,179.3,111.06
Poro,193.74,243.97,266.97,249.91,285.92,272.92
Ronda,171.94,153.9,168.81,216.38,183.73,122.41
Samboan,191.49,150.73,220.4,191.07,151.79,118.13
San Fernando,206.78,183.71,203.97,188.11,177.54,109.13
San Francisco,171.82,237.24,245.88,233.95,265.52,253.14
San Remigio,190.32,208.06,244.88,167.94,124.16,135.61
Santa Fe,155.87,205.03,265.81,238.02,215.5,191.36
Santander,168.58,134.88,206.09,180.55,139.71,110.62
Sibonga,185.71,156.37,180.63,206.16,176.96,120.61
Sogod,171.37,204.08,225.33,198.15,194.65,181.6
Tabogon,197.16,213.42,236.82,176.04,146.05,147.66
Tabuelan,167.5,203.01,233.17,196.84,169.6,162.41
Talisay City,223.86,189.35,191.59,165.63,163.98,98.69
Toledo City,218.05,196.73,205.95,183.58,171.6,112.99
Tuburan,137.03,179.96,214.97,199.71,172.94,165.93
Tudela,207.21,248.72,275.01,256.18,293.86,285.16
Compostela Valley,213.82,226.11,260.17,236.02,327.68,378.06
Compostela,197.43,198.59,250.75,246.86,376.18,453.23
Laak,265.06,324.11,306.37,225.28,344.29,385.72
Mabini,205.2,204.24,237.23,232.76,257.44,288.02
Maco,197.53,205.7,239.68,215.74,253.45,312.22
Maragusan,215.74,206.2,258.93,257.16,312.91,333.47
Mawab,162.08,187.82,231.02,181.03,281.25,383.4
Monkayo,228.55,245.25,279.09,268.67,420.47,482.47
Montevista,195.96,230.2,249.45,210.5,341.68,428.17
Nabunturan,168.7,191.6,234.59,196.51,314.14,404.34
New Bataan,215.4,199.62,263.26,258.61,371.03,411.75
Pantukan,209.46,206.97,244.05,227.81,241.69,259.2
Davao del Norte,261.01,297.62,273,205.09,225.1,263.51
Asuncion,231.63,276.33,262.94,193.34,261.91,339.81
Braulio E. Dujali,215,259.94,236.82,187.29,155.21,231.32
Carmen,209.41,241.1,224.98,192.72,143.75,223.34
Kapalong,322.06,366.87,322.85,229.02,280.6,294.09
New Corella,203.32,245.36,247.05,185.45,265.09,350.75
Panabo City,208.36,248.4,232.15,189.91,159.41,197.78
Samal City,183.99,204.18,192.91,167.2,161.34,157.29
San Isidro,303.16,354.92,316.01,213.99,278.13,307.34
Santo Tomas,262.3,286.71,272.81,199.17,184.37,246.41
Tagum City,194.57,218.09,221.43,194.33,179.78,266.59
Talaingod,344.25,368,323.82,235.01,246.67,233.85
Davao del Sur,190.22,202.09,204.01,170.99,150.85,142.54
Bansalan,214.98,229.86,222.78,177.46,150.78,120.78
Davao City,244.06,263.77,243.76,210.8,179.17,165.19
Digos City,198.06,217.85,198.26,161.31,132.06,112.76
Don Marcelino,170.6,158.89,200.69,183.92,186.18,172.75
Hagonoy,136.03,178.57,148.51,108.97,90.24,109.44
Jose Abad Santos,169.42,148.77,202.4,193.12,171.06,167.06
Kiblawan,158.16,190.22,170.36,85.13,85.81,109.29
Magsaysay,181.86,208.58,189.79,131.42,117.29,118.62
Malalag,150.68,179.39,176.33,132.49,122.77,111.63
Malita,148.06,159.29,177.5,150.36,140.45,136.76
Matanao,163.75,197.7,172.34,100.29,87.41,112.36
Padada,133.29,176.95,146.02,108.92,94.11,107.49
Santa Cruz,238.32,227.71,223.36,184.58,154.33,112.98
Santa Maria,140.91,168.43,180.56,139.2,127.37,122.9
Sarangani,196.78,148.98,183.41,206.67,168.58,171.4
Sulop,143.86,181.76,164.22,108.62,92.6,108.61
Davao Oriental,202.01,189.94,237.07,228.6,291.83,327.39
Baganga,185.76,155.07,238.02,293.48,391.84,419.12
Banaybanay,195.31,205.91,240.12,206.41,227.93,255.21
Boston,205.47,197.08,280.91,334.43,475.78,537.21
Caraga,212.25,185.94,242.61,259.77,330.05,334.76
Cateel,149.47,136.7,233.97,320.13,429.9,481.02
Governor Generoso,231.86,204.36,230.88,137.63,190.25,241.52
Lupon,182.12,203.88,217.87,185.35,212.42,244.96
Manay,209.52,195.63,226.7,228.5,280.52,293.75
Mati City,213.34,202.33,227.41,164.96,195.9,244.7
San Isidro,218.8,226.64,232.02,131.04,175.89,242.51
Tarragona,222.94,208.46,241.64,211.46,248.69,266.37
Dinagat Islands,190.19,204.47,283.63,368.09,523.53,547.61
Basilisa,166.68,191.43,266.63,344.23,487.74,564.12
Cagdianao,192.02,206.25,281.75,362.97,531.58,568.55
Dinagat,164.73,208.02,256.28,376.16,531.78,591.85
Libjo,199.7,205.97,301.94,370.01,544.92,548.66
Loreto,207.05,206,293.64,375.84,514.79,500.59
San Jose,167.07,205.51,267.77,373.58,534.84,580.7
Tubajon,200.69,209.68,288.34,382.41,523.93,524.43
Eastern Samar,210.22,237.21,344.91,483.07,587.15,438.58
Arteche,208.91,279.08,374.28,498.42,563.34,447.84
Balangiga,197.35,213.62,317.01,447.28,582.25,436.54
Balangkayan,220.06,223.17,344.13,498.62,626.34,427.46
Borongan City,249.6,225.94,340.2,534.13,661.5,424.64
Can-Avid,214.16,264.74,380.95,494.05,556.64,436.24
Dolores,205.95,266.72,369.27,484.61,533.8,437.32
General Macarthur,190.92,202.09,332.18,466.68,587.28,434.96
Giporlos,173.47,199.98,291.62,416.58,540.48,460.13
Guiuan,160.52,207.8,290.56,421.03,545.42,467.13
Hernani,191.1,205.84,339.1,475.55,589.42,445.88
Jipapad,230.13,281.87,393.14,491.7,587.59,438.67
Lawaan,203.74,214.29,321.18,444.53,584.57,431.11
Llorente,204.77,215.28,339.49,484.98,605.88,429.46
Maslog,254.33,286.42,397.36,495.43,579.41,421.45
Maydolong,231.56,224.06,346.65,511.7,647.53,428.04
Mercedes,147.97,196.27,317.93,471.46,600.94,474.24
Oras,192.73,263.72,351.34,478.13,519.52,446.32
Quinapondan,181.14,200.12,319.65,456.19,585.77,444.06
Salcedo,161.77,201.72,317.25,462.77,589.49,464.8
San Julian,247.72,243.31,342.28,516.32,637.49,424.56
San Policarpo,193.47,263.27,355.86,493.19,538.23,462.51
Sulat,230.49,253.79,340.19,502.98,606.7,432.12
Taft,226.3,259.56,369.57,489.9,578.38,433.48
Guimaras,427.88,291.4,266.05,180.89,145.29,70.71
Buenavista,393.04,273.2,273.04,204.68,154.21,70.94
Jordan,457.12,285.2,254.3,165.58,129.66,57.94
Nueva Valencia,407.35,311.12,254.92,163.34,140.06,70.77
San Lorenzo,444.68,275.17,273.78,191.53,152.34,74.83
Sibunag,441.78,299.43,273.91,183.96,148.77,75.13
Ifugao,412.93,342.64,279.16,223.49,128.27,39.77
Aguinaldo,360.8,336.12,273.24,250.88,152.1,47.74
Alfonso Lista,332.72,304.77,264.55,237.27,146.58,52.72
Asipulo,438.62,359.83,292.89,205.03,123.12,35.19
Banaue,467.51,348.29,275.11,248.88,124.58,32.14
Hingyon,479.09,360.25,283.34,229.45,115.65,36.36
Hungduan,497.46,355.97,280.82,215.75,102.83,28.37
Kiangan,437.7,360.11,292.12,212.49,116.03,37.07
Lagawe,383.63,347.58,281.46,209.02,126.91,42.05
Lamut,342.18,346.72,275.74,189.91,140.97,38.83
Mayoyao,398.46,342.17,279.56,238.23,137.21,42.66
Tinoc,523.08,353.76,292.4,192.45,92.91,27.72
Ilocos Norte,452.68,407.32,215.79,138.27,39.74,15.78
Adams,334.17,337.02,363.86,262.61,86.37,27.5
Bacarra,491.44,457.82,169.19,66.09,15.31,9.77
Badoc,561.7,390.08,139.68,57.16,15.82,6.94
Bangui,379.98,335.62,246.23,160.69,45.72,17.19
Banna,539.71,457.37,150.05,93.07,22.29,11.63
Batac City,540.28,461.34,156.11,61.78,18.27,7.99
Burgos,393.23,324.56,198.35,121.66,40.92,13.65
Carasi,383.34,390.33,284.12,247.23,68.74,25.92
Currimao,544.41,445.89,136.83,39.43,11.5,5.4
Dingras,497.07,466.24,167.55,102.3,23.11,15.53
Dumalneg,360.75,336.02,294.61,197.96,56.02,20.85
Laoag City,510.82,476.57,167.55,57.81,15.49,8.2
Marcos,526.12,470.44,151.52,94.21,19.74,13.52
Nueva Era,482.57,411.57,215.66,168.24,46.01,16.77
Pagudpud,318.87,319.04,327.63,227.35,75.85,23.88
Paoay,532.75,481.71,151.53,27.84,8.68,5.67
Paoay Lake,532.68,493.87,161.21,30.4,11.69,6.13
Pasuquin,427.29,373.6,182.65,95.13,30.31,11.55
Piddig,463.4,442.32,206.03,125.85,33.42,17.11
Pinili,561,423.54,143.74,68.13,18.55,7.38
San Nicolas,527.18,480.58,169.51,55.43,16.09,8.03
Sarrat,509.6,475.39,154.41,61.2,19.09,10.61
Solsona,436.5,428.08,230.43,184.82,50.78,21.38
Vintar,408.74,391.85,255.56,175.73,49.63,19.92
Ilocos Sur,601.13,386.28,188.69,73.11,24.01,6.12
Alilem,642.35,387.76,244.02,105.79,35.43,7.71
Banayoyo,618.04,397,184.4,60.64,22.74,5.49
Bantay,596.5,417.57,147.9,53.13,19.1,3.17
Burgos,567.45,389.86,188.4,75.79,25.75,5.34
Cabugao,587.47,327.31,124.25,55.55,17.9,5.9
Candon City,663.94,400.07,184.67,45.07,16.13,5.3
Caoayan,605.27,405.84,134.98,30.36,13.72,4.34
Cervantes,558.55,357.43,233.64,92.65,25.76,10.2
Galimuyod,651.85,396.63,193.33,66,19.54,6.37
Gregorio Del Pilar,559.96,368.51,216.72,100.65,29.83,8.31
Lidlidda,583.39,388.37,191.13,81.67,27.07,6.29
Magsingal,581.15,389.91,142.56,61.44,20.25,4.19
Nagbukel,566.65,410.67,192.03,70.35,15.76,5.57
Narvacan,568.07,403.53,175.21,57.33,17.42,4.17
Quirino,510.16,354.58,214.32,113.4,32.86,10.17
Salcedo,618.11,384.83,207.18,91.13,27.96,7.1
San Emilio,544,384.9,201.11,105.15,29.6,8.4
San Esteban,569.87,391.16,171.46,51.96,16.61,3.19
San Ildefonso,605.44,414.75,131.03,31.41,16.97,2.7
San Juan,583.87,365.54,142.11,64.64,20.5,5.67
San Vicente,632.33,427.55,122.84,11.89,7.8,2.2
Santa,573.32,402.47,153.62,52.8,19.75,4.21
Santa Catalina,625.47,431.66,112.45,11.31,4.96,1.9
Santa Cruz,670.34,395,201.48,66.98,24.35,4.72
Santa Lucia,691.11,401.64,186.22,45.08,13.99,4.55
Santa Maria,550.65,384.8,183.84,67.69,18.55,5.88
Santiago,603.18,390.6,173.17,48.46,19.81,3.78
Santo Domingo,592.29,407.38,139.04,48.99,19.14,3.01
Sigay,596.46,372.66,233.12,102.14,32.01,8.38
Sinait,564.35,335.3,126.72,42.56,14.81,6.42
Sugpon,684.11,401.86,256.02,104.94,39.97,7.55
Suyo,636.86,386.71,231.51,96.78,33.73,6.97
Tagudin,693.76,396.51,207.04,58.33,25.97,3.45
Vigan City,633.83,430.28,119.83,22.07,8.26,2.21
Iloilo,339.44,317.36,292.53,221.19,166,94.94
Ajuy,229.04,250.27,312.7,255.13,208.94,120.98
Alimodian,430.81,363.34,283.62,198.43,121.89,73.4
Anilao,254.3,270.41,259.71,215.55,164.44,80.52
Badiangan,295.39,335.34,282.85,217.56,154.62,88.88
Balasan,313.7,295.98,377.91,311.53,276.67,179.6
Banate,231.19,246.86,245.37,195.43,157.47,79.39
Barotac Nuevo,266.71,287.78,268.84,228.94,170.34,88.4
Barotac Viejo,232.33,249.34,271.14,221.99,176.11,94.81
Batad,294.14,285.68,358.91,294.27,255.19,165.06
Bingawan,316.55,340.85,279.72,258.28,216.46,112.61
Cabatuan,300.27,300.66,266.98,198.59,121.36,84.56
Calinog,364.97,377.82,299.94,249.54,196.46,98.96
Carles,227.01,252.27,317.42,279.36,234.98,159.48
Concepcion,210.77,232.62,317.76,265.46,218.46,137.41
Dingle,279.5,307.32,284.87,222.41,159.51,87.51
Duenas,304.72,342.54,287.91,228.71,167.86,93
Dumangas,291.2,278.35,274.04,219.63,164.33,84.96
Estancia,255.62,271.39,333.96,297.23,255.11,166.3
Guimbal,465.06,350.69,279.47,174.58,124.8,64.77
Igbaras,517.54,394.32,285.94,177.97,126.38,62.2
Iloilo City,405.45,293.78,261.68,163.75,92.67,49.55
Janiuay,379.42,368.77,292.48,222.11,161.4,84.12
Lambunao,484.62,431.18,324.11,245.23,186.63,86.05
Leganes,352.69,295.64,275.65,201.98,131.69,69.33
Lemery,264.02,271.33,317.16,245.26,197.84,126.05
Leon,468.26,374.49,283.34,186.02,119.91,67.64
Maasin,356.04,342.79,273.04,218.77,153.93,83.1
Miagao,516.67,392.3,292.92,167.38,117.73,55.66
Mina,292.38,304.21,285.15,209.65,128.39,86.24
New Lucena,303.65,292.25,281.65,187.74,119.56,82.37
Oton,416.16,302.42,264.08,141.52,84.01,54.65
Passi City,274.25,304.48,279.05,254.22,213.51,112.9
Pavia,385.95,307.72,265.48,158.22,83.81,58.21
Pototan,288.59,308.69,283.88,213.03,139.78,86.41
San Dionisio,272.31,274.85,344.15,281.01,235.89,152.31
San Enrique,270.87,295.7,278.81,230.13,180.97,93.58
San Joaquin,488.13,391.5,277.01,155.78,106.58,47.32
San Miguel,372.54,311.63,264.49,169.08,79.5,67.15
San Rafael,261.46,271.11,292.44,232.71,184.93,105.01
Santa Barbara,346.69,299.04,270.64,171.56,93.71,72.71
Sara,280.7,282.41,339.26,263.22,220.25,145.97
Tigbauan,436.34,332.16,276.49,167.91,115.92,63.92
Tubungan,502.72,389.95,284.47,179.41,124.91,64.73
Zarraga,324.37,286.3,275.88,198.64,138.44,77.93
Isabela,234.45,259.62,354.62,422.08,280.39,86.54
Alicia,255.31,261.77,270.38,261.18,159.58,61.07
Angadanan,236.93,265.09,299.19,289.38,191.9,74.72
Aurora,298,265.8,274.77,250.24,145.18,60.5
Benito Soliven,225.91,272.83,356.43,374.29,251.2,87.23
Burgos,281.25,244.59,296.13,282.78,156.58,55.6
Cabagan,257.02,226.47,337.34,390.67,242.55,67.97
Cabatuan,283.36,263.79,277.21,270.86,150.36,62.32
Cauayan City,251.21,262.07,311.51,300.78,188.63,75.17
Cordon,279.42,306.99,283.68,222.86,152.3,52.6
Delfin Albano,260.35,220.66,303.71,290.4,163.88,57.6
Dinapigue,165.98,269.35,434.15,595.59,450.64,137.37
Divilacan,217.94,233.28,415.35,614.42,398.32,107.24
Echague,218.36,284.21,345.99,391.47,279.23,85.81
Gamu,246.2,218.69,338.18,307.06,177.55,53.87
Ilagan,216.41,237.67,395.66,544.11,353.78,98.5
Jones,236.75,306.9,345.62,364.86,245.64,82.22
Luna,280.25,248.16,291.55,279.4,160.82,60.7
Maconacon,222.73,231.61,419.23,612.58,398.25,102.94
Mallig,297.52,256.66,275.08,252.47,134.29,52.69
Naguilian,228.87,221.31,346.46,324.19,206.48,63.97
Palanan,191.93,238.43,414.07,621.51,433,131.6
Quezon,283.42,247.21,264.52,260.05,129.84,50.16
Quirino,270.89,230.79,306.38,273.38,141.83,53.68
Ramon,286.33,293.78,263.5,236.7,153.17,53.2
Reina Mercedes,248.92,238.29,319.79,294.19,181.17,60.87
Roxas,300.93,262.95,277.88,258.17,140.94,55.37
San Agustin,241.9,327.05,387.83,441.19,310.9,101.31
San Guillermo,210.14,298.46,381.03,463.5,330.86,102.12
San Isidro,234.56,256.21,256.91,241.74,151.14,52.43
San Manuel,308.06,269.23,274.23,251.75,143.94,57.97
San Mariano,196.59,277.03,412.94,553.68,388.98,117.84
San Mateo,288.36,280.18,263.48,251.68,147.98,57.26
San Pablo,241.13,235.04,395.55,521.91,339.44,84.17
Santa Maria,266.79,223.35,302.68,214.34,136.26,49.38
Santiago City,279.04,300.82,272.85,222.62,150.8,51.49
Santo Tomas,267.52,219.34,294.18,258.25,160.67,58
Tumauini,242.47,225.73,356.29,418.17,257.32,69.15
Kalinga,344.27,302.09,244.93,261.25,120.43,31.53
Balbalan,382.29,341.12,253.74,284.23,119.5,28.57
Lubuagan,411.14,332.05,237.03,224.66,106.51,23.97
Pasil,401.47,326.57,245.02,240.32,111.39,25.81
Pinukpuk,295.47,272.81,248.55,304.93,136.16,34.69
Rizal,284.43,240.4,259.71,256.52,100.1,43.97
Tabuk City,294,280.7,235.23,252.34,122.16,34.52
Tanudan,359.73,317.44,241.77,259.18,136.85,29.78
Tinglayan,409.61,326.18,242,217.9,110.58,26.48
La Union,723.25,402.47,218.59,65.55,28.83,4.37
Agoo,643.22,342.17,164.95,39.54,20.38,3.21
Aringay,786.45,424.72,228.2,68.47,29.17,5.14
Bacnotan,714.29,360.33,181.49,42.39,20.41,2.84
Bagulin,766.91,434.86,266.23,96.53,38.04,5.34
Balaoan,687.66,355.93,167.4,41.85,19.45,3.09
Bangar,701.31,385.06,191.25,51.16,22.63,3.23
Bauang,783.9,451.65,227.66,43.27,24.95,2.84
Burgos,790.69,462.94,262.66,87.14,35.78,4.95
Caba,786.4,453.84,222.84,56.83,29.68,4.29
Luna,679.18,352.17,162.16,38.41,16.52,2.42
Naguilian,795.39,460.88,241.48,66.76,32.69,4.26
Pugo,776.25,431.73,250.9,87.31,39.35,5.21
Rosario,680.24,383.98,215.05,64.85,35.45,3.84
San Fernando City,732.14,396.52,228.18,56.8,24.19,4.01
San Gabriel,730.9,410.77,249.61,94.43,33.49,5.37
San Juan,747.79,388.42,215.16,52.97,23.15,2.62
Santo Tomas,517.03,327.92,196.46,61.8,29.28,7.82
Santol,714.88,399.35,222.75,80.12,31.21,5.13
Sudipen,698.62,401.69,215.51,68.24,27.91,4.56
Tubao,689.79,379.78,189.08,57.9,28.48,3.95
Laguna,317.86,346.82,330.75,288.8,261.53,70.94
Alaminos,301.11,300.1,279.49,203.24,149.81,47.19
Bay,291.49,326,266.76,223.53,171.33,44.23
Biñan,393.93,400.81,251.34,194.91,156.16,31.42
Cabuyao,370.56,396.5,257.49,216.01,183.19,37.51
Calamba City,350.84,365.52,263.35,204.89,169.76,38.74
Calauan,297.35,321.34,283.79,230.24,181.62,49.01
Cavinti,271.37,327.14,391.74,354.32,358.6,113.31
Famy,316.93,349.15,385.55,354.81,334.15,97.79
Kalayaan,274.44,321.99,406.41,360.98,391.98,121.43
Kalibato Lake,283.78,302.1,348.12,296.68,232.88,69.21
Laguna lake,363.88,383.75,297.39,293.11,259.92,52.72
Liliw,285.16,314.12,373.65,287.66,243.67,78.12
Los Baños,301.11,342.8,278.45,221.46,164.37,39.73
Luisiana,269.72,323.42,375.74,344.32,328.28,103.01
Lumban,284.97,325.35,398.85,360.13,390.24,120.45
Mabitac,320.77,359,368.14,328.06,319.18,86.79
Magdalena,287.5,333.76,334.82,263.99,251.1,80.36
Majayjay,279.65,317.91,382.92,309.48,271.7,86.29
Nagcarlan,293.11,320.3,343.41,263.68,215.09,66.06
Paete,280.35,323.21,397.56,381.17,392.73,118.22
Pagsanjan,301.67,337.58,384.07,325.5,359.91,113.42
Pakil,297.88,338.89,387.03,358.32,347.42,97.26
Palakpakin Lake,301.44,316.55,321.63,245.59,190.29,55.4
Pangil,299.89,341.39,395.19,360.86,350.55,98.07
Pila,297.9,347.5,303.02,255.66,212.62,53.84
Rizal,285.43,309.19,358.37,285.45,235.28,71.14
Sampaloc Lake,292.13,316.86,310.56,248.54,178.7,57.53
San Pablo City,289.43,298.47,320.26,245.43,194.07,57.38
San Pedro,411.3,401.19,243.33,210.35,146.4,23.37
Santa Cruz,293.58,347.79,314.57,274.28,252.82,66.99
Santa Maria,335.26,358.99,394.48,338.86,312.72,94.88
Santa Rosa City,388.03,399.44,252.89,210.9,172.98,32.94
Siniloan,298.07,345.02,382.36,366.63,351.08,101.87
Victoria,303.32,329.89,301.83,256.18,208.56,53.7
Waterbody,286.35,318.22,331.28,262.37,219.53,67.82
Lanao del Norte,337.7,385.06,297.48,282.29,245.67,169.62
Bacolod,295.28,390.18,264.08,292.4,249.06,174.08
Baloi,334.91,488.72,272.17,262.45,210.33,143.24
Baroy,301.07,308.99,308.79,311.71,276.97,222.25
Iligan City,326.89,427.87,266.18,245.12,202.27,128.44
Kapatagan,359.68,326.26,336.47,278.83,248.67,173.72
Kauswagan,356.59,545.3,263.21,292.43,231.83,128.2
Kolambugan,275.61,282.18,299.62,367.54,343.52,279.16
Lala,309.45,309.05,313.64,306.79,276.37,208.28
Linamon,389.67,626.26,265.43,297.46,225.66,111.85
Magsaysay,290.09,319.38,293.28,317.32,296.14,224.66
Maigo,285.56,336.11,279.98,313.5,281.4,212.09
Matungao,377.5,586.46,267.4,284.03,221.4,125.02
Munai,342.94,385.63,297.12,279.34,260.93,164.73
Nunungan,409.98,363.81,338.33,275.78,233.16,154.43
Pantao Ragat,331.11,459.65,272.03,277.95,242.72,154.05
Pantar,306.36,422.38,279.1,244.8,209.92,158.65
Poona Piagapo,336.33,469.6,274.67,283.11,242.86,153.79
Salvador,325.58,320.95,320.04,270.79,235.59,182.67
Sapad,389.08,339.56,343.77,274.21,239.81,163.17
Sultan Naga Dimaporo,386.87,329.72,330.22,259.46,228.35,151.3
Tagoloan,344.58,511.1,272.13,268.3,213.74,134.83
Tangcal,342.88,363.61,316.1,290.37,267.82,177.45
Tubod,289.13,306.61,301.08,326.32,299.52,234.25
Lanao del Sur,358.58,380.06,295.59,273.92,226.83,149.3
Bacolod Kalawi,355.47,380.58,296.36,270.17,257.92,159.58
Balabagan,435.88,398.93,352.42,269.2,162.3,131.81
Balindong,329.55,372.49,287.13,268.95,251.56,162.51
Bayang,402.56,379.46,310.71,266.42,209.27,146.61
Binidayan,410.9,378.18,307.78,263.7,208.99,145.62
Buadiposo-Buntong,296.81,383.22,265.7,290.97,257.12,163.33
Bubong,326.12,398.35,264.91,291.41,248.11,149.65
Bumbaran,353.97,377.75,301.51,286.53,244.89,141.74
Butig,372.52,370.87,296.68,286.95,238.55,145.23
Calanogas,455.1,384.24,330.77,265.38,195.44,139.81
Dapao Lake,413.32,369.22,297.02,266.85,224.35,146.51
Ditsaan-Ramain,267.93,360.53,260.8,274.06,259.9,174.62
Ganassi,381.18,369.93,282.85,267.81,230.45,150.02
Kapai,329.06,450.57,277.21,262.02,218.76,143.16
Kapatagan,374.91,378.02,332.35,257.61,184.06,128.7
Lanao Lake,300.4,354.67,274.48,274.09,242.56,166.16
Lumba-Bayabao,356.25,373.36,281.53,302.74,252.38,145.99
Lumbaca Unayan,384.57,374.45,299.1,270.11,213.73,145.92
Lumbatan,367.73,365.53,284.8,268.83,215.73,148.72
Lumbayanague,348.84,359.89,279.61,271.46,233.32,151.76
Madalum,352.29,377.97,285.62,271.05,259.04,159.67
Madamba,355.45,372.14,286.53,273.94,251.48,158.25
Maguing,340.31,385.07,265.09,285.97,233.72,146.75
Malabang,461.18,393.96,357.03,254.42,160.23,137.72
Marantao,307.08,368.42,296.96,249.99,240.23,168.71
Marawi City,263.29,347.67,277.21,234.33,214.43,175.74
Marogong,432.91,394.65,343.94,269.74,192.39,136.6
Masiu,335,363.94,281.65,281.44,232.86,154.51
Mulondo,307.85,379.02,275.57,281.89,244.05,162.13
Pagayawan,435.6,378.75,312.04,258.96,200.84,142.89
Piagapo,304.43,373.37,282.28,240.91,234.76,165.9
Picong,451.17,371.94,346.59,261.12,191.43,137.25
Poona Bayabao,314.46,361.21,280.35,277.91,219.39,158.8
Pualas,378.88,368.56,284.97,270.6,232.89,151.25
Saguiaran,283.45,373.67,285.41,234.05,206.06,169.44
Sultan Dumalondong,387.8,374.92,315.72,285.51,230.78,139.89
Tagoloan II,335.69,418.96,288.16,271.34,235.78,146.12
Tamparan,291.51,357.38,271.64,280.45,223.26,168.94
Taraka,291.53,357.73,271.51,280.54,224.69,169.08
Tubaran,465.88,390.4,342.83,263.04,182.19,136.19
Tugaya,345.43,379.85,304.52,270.13,254.85,160.66
Wao,325.94,369.01,305.07,244.96,215.19,144.55
Leyte,224.41,232.28,299.1,356.8,418.84,386.47
Abuyog,230.19,206.2,317.67,486.41,541.17,540.52
Alangalang,195.44,217.35,283.4,335.68,389.27,384.97
Albuera,253.37,250.02,300.24,382.3,418.28,401.92
Babatngon,217.79,234.1,331.56,376.03,495.43,396.84
Barugo,207.44,242.71,314.55,358.93,442.19,382.61
Bato,226.41,230.33,263.88,300.11,358.31,348.7
Baybay City,253.82,232.55,311.21,411.15,464.72,460.49
Burauen,247.77,235.21,296.58,392.5,451.69,419.41
Calubian,212.56,240.57,300.66,297.72,368.43,304.67
Capoocan,241.2,257.23,330,335.85,421.42,343.37
Carigara,241.45,251.51,326.29,347.86,448.01,366.04
Dagami,233,226.68,297.05,367.46,434.04,394.14
Dulag,180.4,203.67,270.4,402.77,462.85,436.35
Hilongos,238.05,223.68,275.67,301.28,344.83,342.85
Hindang,227.07,218.8,264.51,277.25,325.99,345.99
Inopacan,260.01,229.16,295.64,326.43,385.03,369.66
Isabel,215.59,253.53,298.8,288.47,324.89,298.13
Jaro,250.24,243.34,318.41,359.92,431.16,372.38
Javier,251.6,216.27,316.92,484.4,533.68,535.62
Julita,195.93,209.97,275.51,394,447.98,431.96
Kananga,237.25,252.72,319.08,332.14,394.39,332.35
La Paz,239.78,224.95,300.14,434.21,481.53,464.66
Leyte,219.74,254.89,326.64,321.9,402.06,329.65
Macarthur,232.39,215.86,303.66,472.85,519.62,518.61
Mahaplag,232.58,208.72,315.67,456.96,517.33,504.21
Matag-Ob,222.46,249.79,303.51,319.58,376.6,305.61
Matalom,223.04,230.89,259.55,287.17,358.01,350.92
Mayorga,197.83,211.63,283.33,453.88,503.12,490.91
Merida,223.68,260.29,302.51,300.35,337.65,313.73
Ormoc City,248.26,257.15,310.03,340.73,395.89,350.84
Palo,167.41,188.3,247.88,328.33,388.94,395.6
Palompon,209.38,247.97,296.96,299.42,340.14,288.18
Pastrana,212.58,221.2,288.52,355.78,414.66,385.48
San Isidro,203.03,242.58,296.44,291.73,361.13,300.24
San Miguel,209.75,235.79,318.51,359.53,441.87,387.09
Santa Fe,167.91,187.52,248.31,313.4,363.5,389.16
Tabango,202.96,249.76,295.56,304.1,376.24,309.38
Tabontabon,196.45,208.39,276.61,373.29,440.68,414.33
Tacloban City,183.47,202.47,270.05,326.34,408.19,399.38
Tanauan,174.86,195.74,263.65,358.57,427.53,406.16
Tolosa,166.67,194.28,265.86,384.59,464.68,419.4
Tunga,229.7,243.04,320.44,346.44,416.82,376.37
Villaba,210.41,246.65,291.09,299.09,366.59,299.58
Maguindanao,212.76,219.72,241.14,177.39,125.59,102.19
Ampatuan,219.64,233.84,276.43,199.23,135.07,103.18
Buluan,267.45,190.4,166.19,141.29,113.45,96.5
Buluan Lake,256.65,187.87,165.81,151.84,131.77,94.87
Cotabato City,238.46,261.4,282.33,189.62,130.43,101.4
Datu Abdullah Sanki,202.98,214.58,238.08,160.84,103.86,97.29
Datu Anggal Midtimbang,192.6,220.65,267.99,196.11,118.82,100.59
Datu Paglas,233.07,218.49,206.09,158.18,122.47,110.47
Datu Piang,177.13,205.69,244.83,198.24,143.88,100.97
Datu Saudi-Ampatuan,193.86,217.18,255.65,190.61,137.11,99.97
Datu Unsay,219.17,236.15,286.14,199.29,129.52,101.57
Gen. S. K. Pendatun,230.98,203.18,193.69,132.06,100.48,99.4
Guindulungan,211.36,230.33,284.41,197.31,123.26,101.55
Mamasapano,185.43,211.39,236.38,175.72,128.29,99.24
Mangudadatu,254.92,188.46,166.06,160.87,142.23,96.47
Pagagawan,168.57,209.57,202.17,134.7,123.82,111.12
Pagalungan,189.79,206.53,205.62,166,135.8,106.21
Paglat,237.95,201.2,186.96,133.24,99.72,100.11
Pandag,261.42,196.51,176.4,114.95,88.3,97.56
Rajah Buayan,189.2,208.89,226.08,164.39,129.73,100.41
Shariff Aguak,202.18,222.98,263.47,184.55,114.88,98.49
South Upi,233.24,249.94,297.31,224.16,136.99,107.44
Sultan Sa Barongis,196.28,207.58,213.91,170.81,129.81,100.33
Talayan,207.56,229.42,283.14,196.03,120.53,101.42
Talitay,191.12,217.84,262.34,185.78,113.71,99.91
Marinduque,182.45,230.84,316.07,262.1,250.14,96.5
Boac,191.88,213.86,322.41,272.42,251.75,94.98
Buenavista,188.11,254.26,319.06,241.64,237.56,87.45
Gasan,192.96,227.85,310.74,271.62,253.09,88.38
Mogpog,160.72,214.22,307.25,285.29,259.65,93.23
Santa Cruz,169.36,230.85,308.93,268.31,261.47,104.16
Torrijos,190.91,244.53,324.37,239.15,236.02,99.86
Masbate,210.25,255.8,276.03,252.97,271.34,192.89
Aroroy,205.05,255.35,272.99,254.08,256.13,180.81
Baleno,231.1,271.76,279.75,241.05,261.08,194.78
Balud,199.13,240.63,271.9,233.16,213.3,142.1
Batuan,200.77,254.46,282.67,295.36,328.06,244.17
Cataingan,202.75,238.67,282.04,264.7,285.18,214.78
Cawayan,200.49,239.06,266.05,242.48,263.44,187.43
Claveria,190.87,263.78,278.23,268.82,264.24,170.85
Dimasalang,208.37,237.02,289.39,265.22,302.77,205.09
Esperanza,195.39,231.83,247.8,249.56,281.37,232.37
Mandaon,229.11,270.13,269.32,258.3,260.79,165.08
Masbate City,230.3,259.82,261.18,219.11,247.54,192.28
Milagros,235.8,269.43,265.72,232.94,262.52,177.26
Mobo,239.26,255.4,273.48,237.2,271.19,204.36
Monreal,193.69,273.23,325.25,314.74,349.89,240.43
Palanas,205.49,229.03,292.23,248.31,281.08,190.35
Pio V. Corpuz,202.29,236.27,262.09,274.52,300.67,242.61
Placer,196.49,237.46,270.89,228.64,249.82,202.41
San Fernando,192.7,254.4,283.91,271.91,309.88,238.35
San Jacinto,195.53,262.72,312.81,293,331.3,246.83
San Pascual,196.29,298.24,274.44,266.83,255.74,153.81
Uson,224.46,249.88,285.25,246.72,285.26,207.11
Metropolitan Manila,451.81,399.4,244.3,153.92,96.55,16.55
Kalookan City,512.52,426.6,256.52,175.67,100.35,20.97
Las Piñas,402.42,375.45,225.17,113.43,63.85,10.17
Makati City,423.05,385.5,234.34,108.82,67.43,13.08
Malabon,466.29,387.9,239.39,141.51,67.22,13.63
Mandaluyong,439.24,394.67,241.24,100.41,64.35,15.46
Manila,395.08,361,237.83,114.09,69.03,14.25
Marikina,489.83,423.56,265.62,123.81,110.33,24.97
Muntinlupa,404.27,394.28,235.76,208.45,152.64,16.54
Navotas,419.75,370.71,249.7,152.16,82.03,18.46
Parañaque,401.06,373.9,230.87,197.82,122.77,9.68
Pasay City,417.65,372.28,218.72,164.55,83.04,6.9
Pasig City,471.08,423.27,251.19,138.55,104.53,19.24
Pateros,462.27,427.22,246.73,210.73,152.96,17.23
Quezon City,499.2,420.19,258.74,164.64,102.4,22.42
San Juan,439.15,394.47,241.04,99.68,63.85,15.38
Taguig,428.41,401.6,239.4,199.12,137.87,14.27
Valenzuela,510.19,413.14,247.63,156.17,72.7,14.07
Misamis Occidental,242.92,231.35,283.79,354.63,307.13,214.39
Aloran,236.73,231.45,262.89,335.24,289.65,191.68
Baliangao,181.15,172.89,242.23,326.4,227.32,145.85
Bonifacio,288.97,277.6,340.4,324.15,307.81,207.67
Calamba,202.52,192.67,253.16,326.88,241.03,153.85
Clarin,249.94,238.71,298.63,411.68,380.34,318.78
Concepcion,267.12,226.9,300.49,351.79,295.49,169.51
Don Victoriano Chiongbian,304.25,264.91,316.92,359.67,339.96,198.83
Jimenez,250.06,244.62,276.44,362.3,322.12,230.24
Lopez Jaena,189.82,192.32,237.68,323.63,236.46,154.68
Oroquieta City,230.7,218.59,269.2,337.7,273.45,170.45
Ozamis City,259.82,252.51,313.86,403.91,381.41,313.11
Panaon,241.91,240.29,274.95,352.4,304.62,218.36
Plaridel,170.98,174.57,219.51,307.11,215.17,146.09
Sapang Dalaga,206.76,189.72,265.81,336.8,253.8,152.97
Sinacaban,235.26,241.63,269.65,372.69,329.51,252.73
Tangub City,271.2,267.12,321.28,344.82,332.41,243.6
Tudela,246.9,236.07,294.24,402.44,370.94,296.8
Misamis Oriental,230.73,235.35,220.55,226.53,253.73,216.88
Alubijid,223.62,256.65,200.72,152.99,138.62,125.46
Balingasag,227.64,211.44,217.54,219.43,256.8,222.37
Balingoan,188.89,175.67,200.03,252.83,320.72,276.13
Binuangan,197.52,176.63,208.77,240.54,302.99,257.17
Cagayan de Oro City,259.34,265.83,228.19,157.88,134.3,133.92
Claveria,266.06,247.4,238.14,284.02,348.08,279.86
El Salvador City,228.09,246.99,200.69,142.87,126.29,124.64
Gingoog City,209.5,212.32,233.06,341.71,415.93,334.67
Gitagum,203.65,236.25,190.44,150.32,133.42,129.6
Initao,219.02,263.86,202.34,164.12,142.41,125.84
Jasaan,230.59,222.58,215.95,192.27,211.62,197.16
Kinoguitan,181.73,170.18,202.39,243.42,302.29,271
Lagonglong,223.8,200.47,227.2,238.54,289.39,236.07
Laguindingan,199.39,229.22,187.15,154.65,126.01,130.09
Libertad,218.73,255.32,198.65,154.79,138.69,125.49
Lugait,264.13,341.71,233.45,213.28,185.18,132.71
Magsaysay,152.71,162.86,201.79,282.63,370.57,380.47
Manticao,274.19,328.23,238.8,203.13,178.81,126.16
Medina,200.96,190.35,222.86,303.95,387.05,304.53
Naawan,251.65,299.24,224.09,180.77,163.65,125.23
Opol,240.55,264.86,208.61,152.9,127.38,124.56
Salay,224.36,192.43,232.09,247.98,311.23,247.76
Sugbongcogon,206.19,181.08,218.38,244.27,306.27,255.45
Tagoloan,254.27,243.81,225.11,168.73,175.12,163.03
Talisayan,195.23,181.97,207.17,266.37,336.99,287.25
Villanueva,250.04,234.31,225.81,180.98,193.34,171.02
Mountain Province,425.2,331,246.55,201.93,95.38,25.84
Barlig,439.57,336.56,257.04,253.35,125.33,30.95
Bauko,507.33,353.05,253.3,151.87,53.39,17.23
Besao,454.37,339.41,218.75,133.47,40.31,11.22
Bontoc,420.92,338.17,232.49,173.05,72.01,18.56
Natonin,389.09,326.5,262.29,281.18,155.29,38.39
Paracelis,327.66,289.93,253.67,257.7,147.26,41.83
Sabangan,471.45,347.8,256.3,166.7,67.7,18.9
Sadanga,434.63,334.98,232.39,191.11,88.85,23.13
Sagada,417.67,342.21,220.24,135.93,42.36,12.01
Tadian,517.71,348.39,245.28,123.89,36.25,13.44
Negros Occidental,325.32,267.95,308.7,218.13,174.33,106.23
Bacolod City,328.72,270.19,293.89,277.9,229.32,115.67
Bago City,380.93,300.02,307.32,224.58,179.03,94.53
Binalbagan,334.7,308.17,299.79,184.5,139.21,83.77
Cadiz City,242.72,211.04,313.16,247.86,213.36,132.75
Calatrava,249.23,215.78,256.58,217.86,184.3,122.96
Candoni,389.26,288.83,333.32,201.13,136.75,92.48
Cauayan,394.25,309.87,331.79,202.37,138.91,86.23
Enrique B. Magalona,279.61,240.78,324.69,267.75,275.76,140.77
Escalante City,194.81,199.99,273.77,214.41,177.94,136.13
Himamaylan City,315.91,295.02,301.99,189.67,136.57,84.39
Hinigaran,402.18,349.78,324.43,193.39,135.37,77.28
Hinoba-An,416.81,268.92,349.93,199.4,141.14,95.03
Ilog,356.13,284.42,326.81,195.09,132.5,90.07
Isabela,357.39,321.77,321.7,184.89,138.54,88.62
Kabankalan City,330.57,272.81,319.87,188.43,136.82,93.18
La Carlota City,396.34,322.92,326.36,214.81,154.71,85.23
La Castellana,387.03,326.57,328.59,197.52,148.21,89.74
Manapla,213.39,205.47,324.76,252.03,230.76,139.74
Moises Padilla,333.73,298.5,308.81,184.16,133.44,95.3
Murcia,369.31,281.15,301.53,231.47,208.25,106.98
Pontevedra,407.79,345.01,335.03,201.61,136.66,76.9
Pulupandan,416.7,316.17,313.07,230.52,162.07,93.83
Sagay City,213.78,198.67,296.73,236.04,191.17,134.83
Salvador Benedicto,298.87,241.51,259.76,218.28,189.08,113.94
San Carlos City,237.92,203.6,246.74,208.26,172.84,117.4
San Enrique,392.05,341.68,334.03,214.75,116.85,72.64
Silay City,304.47,247.99,303.64,264.42,247.33,129.41
Sipalay City,420.19,295.62,337.27,213.38,145.72,88.13
Talisay City,331.78,261.04,296.73,280.8,251.57,125.18
Toboso,213.48,208.32,268.56,216.14,175.42,131.02
Valladolid,404.33,332.24,326.9,215.49,137.12,89.85
Victorias City,276.88,235.35,332.62,261.16,278.71,144.09
Negros Oriental,276.87,207.57,282.43,183.64,149.92,113.86
Amlan,247.81,159.8,244.76,172.78,153.16,134.09
Ayungon,265.86,227.95,270.97,196.19,154.34,105.15
Bacong,177.09,132.11,185.11,164.12,118.42,86.1
Bais City,273.95,207.13,285.37,182.21,149.93,124.01
Basay,403.04,251.48,357.01,190.33,149.52,101.58
Bayawan City,342.29,235.29,331.32,176.83,141.04,110.5
Bindoy,287.13,230.83,287.66,194.11,155.97,106.57
Canlaon City,289.79,248.42,273.52,188.38,150.73,106.27
Dauin,220.48,152.11,230.98,179.63,136.56,101.09
Dumaguete City,149.03,121.36,164.5,159.76,115.26,83.25
Guihulngan City,259.85,232.38,258.39,193.3,158.12,106.67
Jimalalud,274.89,240.03,273.39,198.34,159.75,102.85
La Libertad,257.19,237.3,261.91,195.23,161.77,104.38
Mabinay,300.93,237.09,311.98,182.24,142.91,107.26
Manjuyod,253.52,202.74,273.55,195.33,149.66,116.74
Pamplona,271.46,180.41,277.34,173.63,160.53,152.33
San Jose,227.12,149.97,232.61,175.83,149.88,115.27
Santa Catalina,305.05,204.28,319.81,179.89,159.77,121.69
Siaton,266.77,196.56,320.68,188.88,143.01,114.07
Sibulan,234.06,155.6,231.54,167.04,145.85,114.14
Tanjay City,272.49,191.09,273.66,175.43,156.9,138.5
Tayasan,266.03,234.69,272.23,195.5,152.62,102.96
Valencia,251.4,160.13,231.65,164.67,142.04,101.44
Vallehermoso,218.86,199.73,249.92,202.83,159.67,114.75
Zamboanguita,221,158.09,261.89,188.21,133.8,110.92
North Cotabato,224.31,257.7,252.69,194.42,170.91,134.19
Alamada,303.99,332.48,294.89,257.39,222.17,137.6
Aleosan,186.43,219.13,238.16,164.43,140.21,117.95
Antipas,224.36,270.24,260.1,182.91,170.29,149.85
Arakan,273.77,307.43,264.72,214.62,201.65,169.92
Banisilan,273.27,321.9,278.85,218.76,198.54,140.49
Carmen,211.74,258.57,244.89,182.07,156.39,133.18
Kabacan,174.83,214.52,209.46,151.7,135.65,118.65
Kidapawan City,200.7,235.27,257.47,186.31,178.57,137.44
Libungan,233.29,259.56,278.03,207.21,166.39,128.37
Magpet,243.21,250.29,256.55,230.62,207.86,138.34
Makilala,220.68,244.98,257.35,207.12,180.89,132.76
Matalam,195.33,235.64,246.09,165.79,149.65,134.13
Midsayap,170.9,196.9,238.68,189.98,155.6,111.46
M'Lang,184.85,221.43,226.46,162.93,140.68,125.87
Pigkawayan,223.63,251.33,271.06,205.8,156.22,121.38
Pikit,177.58,208.99,222.26,153.85,133.61,108.54
President Roxas,220.06,265.68,254.79,183.47,173.2,154.12
Tulunan,205.64,224.94,211.17,162.24,131.34,120.62
Northern Samar,212.61,268.63,398.13,466.91,579.56,433
Allen,207.33,261.58,374.55,432.43,514.02,357.57
Biri,171.57,257.67,350.63,426.64,520.29,373.1
Bobon,219.1,260.5,415.15,457.18,569.13,441.44
Capul,203.64,252.83,348.8,386.22,465.38,320.57
Catarman,205.39,239.48,423.2,479.75,586.05,489.13
Catubig,213.38,280.72,420.62,498.79,617.83,466.17
Gamay,215.09,268.7,363.42,473.84,561.36,445.01
Laoang,183.14,243.53,417.3,506.84,623.96,484.94
Lapinig,210.02,271.03,363.27,490.22,582.66,450.57
Las Navas,225.97,288.24,412.86,484.25,604.03,443.78
Lavezares,201.22,260.29,368.03,430.48,518.14,362.9
Lope de Vega,235.94,290.45,419.17,465.02,587.76,444.07
Mapanas,217.11,267.6,394.14,491.68,579.54,461.81
Mondragon,215.49,277.47,418.88,483.81,617.73,466.88
Palapag,203.66,248.18,408.72,502.3,602.85,471.34
Pambujan,196.16,274.14,406.91,491,643.41,469.02
Rosario,206.37,252.16,385.6,439.67,535.63,395.98
San Antonio,209.8,273.67,360.97,422.12,518.35,342.06
San Isidro,245.11,283.62,377.27,431.62,546.54,363.27
San Jose,198.39,243.64,392.58,446.67,546.59,416.45
San Roque,201.77,279.47,422.49,497.93,646.18,473.32
San Vicente,193.57,231.68,284.03,342.3,411.01,282.49
Silvino Lobos,235.02,300.39,405.33,466.41,598.14,434.09
Victoria,221.35,269.73,391.37,439.73,547.19,383.52
Nueva Ecija,418.34,342.15,245.66,154.05,80.66,27.69
Aliaga,439.92,348.66,198.43,85.75,23.8,6.59
Bongabon,375.74,350.73,303.36,279.96,157.04,62.09
Cabanatuan City,401.43,341.59,214.27,118.5,59.08,17.23
Cabiao,425.71,344.96,215.68,108.62,41.5,10.65
Carranglan,430.13,323.16,274.88,183.61,116.91,33.57
Cuyapo,509.18,351.93,208.95,50.69,18.15,5.15
Gabaldon,345.42,330.45,335.03,333.61,174.39,70.08
Gapan City,382.76,340.84,237.32,136.34,74.32,23.83
General Mamerto Natividad,416.99,359.71,231.49,135.51,70.32,27.37
General Tinio,375.87,342.87,319.52,304.82,167.2,60.06
Guimba,479.18,352.21,196.27,42.3,9.06,4.47
Jaen,414.54,335.56,209.71,100.45,30.49,8.56
Laur,388.11,353.66,280.53,250.76,138.43,46.92
Licab,480.79,375.58,198.05,66.78,12.65,5.39
Llanera,415.04,338.27,226.44,103.55,51.93,21
Lupao,455.77,332.04,229.92,99.35,64.27,17.57
Muñoz City,414.61,301.36,208.96,71.34,33.8,9.13
Nampicuan,524.3,381.14,197.95,40.66,7.43,3.56
Palayan City,408.38,366.71,246.61,172.68,93.7,34.17
Pantabangan,403.42,343.11,281.85,221.22,138.74,49.2
Peñaranda,387.92,349.51,237.08,135.51,78.89,25.33
Quezon,459.84,350.62,200.02,67.85,14.92,5.79
Rizal,413.95,362.17,258.31,183.78,104.38,39.95
San Antonio,461.45,356.05,208.59,87.16,28.15,7.11
San Isidro,382.09,326.87,210.11,92.98,28.33,11.11
San Jose City,429.41,337.93,238.8,123.97,84.7,25
San Leonardo,388.44,328.13,215.7,105.05,43.91,12.52
Santa Rosa,399.67,340.65,218.43,119.35,53.94,16.89
Santo Domingo,416.72,310.3,204.61,75.28,21.51,6.37
Talavera,412.65,320.61,209.23,88.55,35.61,11.95
Talugtug,465.31,330.17,208.19,57.08,25.06,6.45
Zaragoza,471.19,366.51,202.48,83.33,13.64,5.89
Nueva Vizcaya,377.75,323.32,285.45,202.62,131.4,43.74
Alfonso Castaneda,345.38,326.47,342.05,300.5,167.05,76.52
Ambaguio,395.88,328.47,271.64,180.32,111.55,33.38
Aritao,424.75,313.13,246.92,162.83,104.07,32.84
Bagabag,268.54,330.96,276.93,187.17,164.11,38.56
Bambang,349.53,305.8,260.59,165.9,112.99,39.95
Bayombong,264.89,285.89,246.34,168.36,118.45,38.24
Diadi,277.83,321.69,286.37,211.04,162.51,46.64
Dupax Del Norte,388.33,343.73,308.28,233.87,135.69,57.48
Dupax Del Sur,401.08,329.96,300.24,224.13,132.14,51.87
Kasibu,339.13,338.83,322.76,257.88,164.81,58.98
Kayapa,517.8,322.9,273.3,157.75,97.63,23.36
Quezon,285.4,318.49,299.47,229.27,163.6,49.6
Santa Fe,479.43,313.5,258.08,158.45,101.93,23.83
Solano,285.11,325.24,268.45,174.26,137.1,37.97
Villaverde,311.2,339.12,273.01,173.35,148.77,35.78
Occidental Mindoro,588.85,419.4,306.18,175.39,107.56,36.83
Abra de Ilog,543.34,275.64,300.14,178.76,129.74,37.92
Calintaan,587.5,522.84,329.6,167.76,107.61,38.14
Looc,511.68,341.03,266.1,126.67,79.06,12.27
Lubang,548.35,391.83,263.92,100.5,63.26,8.5
Magsaysay,560.08,483.79,312.62,203.5,110.02,32.02
Mamburao,633.71,349.41,278.55,170.08,132.79,23.97
Paluan,614.69,318.08,270.25,150.57,120.8,17.45
Rizal,602.24,537.62,305.19,165.01,84.93,25.96
Sablayan,590.73,463.96,327.43,190.04,102.75,57.11
San Jose,586.34,515.09,315.8,196.7,100.49,27.99
Santa Cruz,623.25,387.39,316.37,182.56,117.56,41.78
Oriental Mindoro,392.47,318.44,318.8,221.5,137.91,70.02
Baco,426.71,270.05,345.94,216.9,149.14,84.15
Bansud,419.9,387.79,332.19,217.73,110.42,73.77
Bongabong,414.37,384.67,312.52,205.22,106.77,66.24
Bulalacao,497.14,405.5,312.7,203.55,128.51,44.14
Calapan City,278.48,223.23,319.03,223.3,160.41,82.77
Gloria,361.34,344.4,319.82,223.51,117.51,78.45
Mansalay,485.3,426.1,318.33,197.61,109.1,53.8
Naujan,334.87,259.12,322.45,242.68,171.9,79.98
Naujan Lake,247.64,238.9,300.75,273.76,208.68,77.47
Pinamalayan,315.37,293.68,322.83,232.73,127.31,78.2
Pola,229.57,227.6,318.95,260.36,185.36,78.3
Puerto Galera,489.54,264.17,306.76,199.93,142.89,54.81
Roxas,389.82,357.12,293.14,217.67,118.04,59.99
San Teodoro,475.64,273.86,326.25,214.95,148.76,73.58
Socorro,312.82,294.26,315.77,236.47,126.89,78.45
Victoria,344.44,290.91,313.46,245.58,163.41,79.95
Palawan,349.99,327.14,269.82,218.22,180.82,53.83
Aborlan,204.13,249.56,284.93,241.09,188.84,47.55
Agutaya,526.29,479.34,286.28,157.09,116.04,34.89
Araceli,322.57,308.68,258.35,179.96,149.77,26.5
Balabac,141,183.52,208.17,245.14,274.15,248.83
Bataraza,175.71,192.62,215.31,229.57,235.6,123.01
Brooke's Point,183.87,201.22,224.61,239.71,231.57,67.57
Busuanga,561.34,558.93,280.58,170.01,117.28,18.22
Cagayancillo,508.23,396.31,308.68,199.04,140.6,56.7
Coron,513.15,479.05,274.14,147.96,94.29,20.31
Culion,573.01,558.29,289.62,192.52,118.1,21.98
Cuyo,406.19,401.06,252.63,121.12,87.56,23.7
Dumaran,356.79,298.15,280.05,223.52,188.98,29.09
El Nido,549.24,485.68,302.21,212.19,170.7,29.07
Linapacan,506,468.69,270.59,183.84,145.22,25.11
Magsaysay,459.52,436.21,282.91,139.98,93.2,26.25
Narra,171.82,217.71,263.81,229.35,172.1,52.84
Puerto Princesa City,311.79,280.03,289.42,241.09,185.36,38.92
Quezon,246.66,247.43,275.61,240.89,192.92,57.13
Rizal,209.77,219.4,234.9,238.37,232.55,83.06
Roxas,376.85,300.89,282.71,241.26,194.18,31.49
San Vicente,465.36,347.56,310.14,259.33,216.44,31.04
Sofronio Espanola,197.33,202.76,217.1,226.98,200.16,66.84
Taytay,434.84,380.42,288.73,207.84,164.22,28.76
Pampanga,553.04,377.9,204.81,103.67,48,8.19
Angeles City,593.65,405.29,198.25,77.27,34.44,5.22
Apalit,516.69,387.45,213.34,113.17,64.2,11.66
Arayat,494.34,364.58,216.64,112.26,53,9.35
Bacolor,478.72,304.25,175.11,87.67,33.51,8.96
Candaba,469.9,370.71,232.66,115.93,65.89,18.63
Floridablanca,651.36,368.32,212.04,98.15,51.65,3.76
Guagua,491.76,316.82,172.98,114.46,38.04,7.54
Lubao,595.1,386.89,191.04,115.39,47.21,3.76
Mabalacat,717.43,491.05,223.69,79.85,35.78,5.18
Macabebe,528.66,378.42,196.17,146.57,68.8,6.04
Magalang,558.16,411.9,215.26,84,35.22,7.21
Masantol,579.39,396.7,194.22,151.67,68.45,4.51
Mexico,526.35,371.17,201.21,90.49,42.27,8.28
Minalin,467.4,324.71,188.09,130.09,53.36,10.26
Porac,601.12,365.93,198.29,85.25,36.81,4.11
San Fernando City,508.11,340,191.14,81.32,33.9,8.34
San Luis,512.88,381.1,224.42,109.11,63.31,14.1
San Simon,513.8,379.84,219,109.36,61.14,13.16
Santa Ana,503.02,363.1,209.08,106.54,50.22,10.7
Santa Rita,511.73,312.02,176.12,82.29,21.52,6.92
Santo Tomas,470.66,321.64,195.9,128.95,49.9,11.46
Sasmuan,561.93,374,186.58,141.73,64.43,4.93
Pangasinan,607.03,352.83,222.36,53.64,23.72,3.87
Agno,773.77,377.94,211.68,38.65,22.82,2.57
Aguilar,560.44,335.95,240.41,56.96,14.41,2.65
Alaminos City,737.26,378.14,219.57,58.56,26.31,2.6
Alcala,527.77,339.99,206.41,27.43,6.24,2.41
Anda,755.52,366.37,185.74,63.7,29.68,2.58
Asingan,555.97,350.14,226.67,38.64,7.13,3.86
Balungao,528.16,348.41,217.02,46.23,16.35,4.1
Bani,774.2,367.78,198.56,46.73,19.55,2.36
Basista,513.84,336.05,203.61,14.81,5.21,2.46
Bautista,535.39,353.5,205.39,44.7,9.36,2.41
Bayambang,537.68,351.14,209.39,36.35,7.97,2.49
Binalonan,595.52,360.14,241.55,52.99,24.18,3.9
Binmaley,530.62,317.37,201.93,41,14.32,2.2
Bolinao,791.29,375.04,175.95,54.34,23.85,2.38
Bugallon,587.07,328.27,229.23,42.75,12.49,2.26
Burgos,743.37,411.72,230.58,42.18,28.03,3.57
Calasiao,458.79,301.69,182.63,39.74,12.27,2.47
Dagupan City,519.75,329.56,212.64,51.59,18.52,2.19
Dasol,775.84,407.75,234.92,43.4,27.66,2.79
Infanta,716.49,360.26,229.37,46.84,19.8,2.48
Labrador,630.7,340.43,228.49,63.35,22.65,2.43
Laoac,561.48,351.1,234.59,15.11,5.65,2.56
Lingayen,563.91,327.8,215.46,44.54,16.93,2.31
Mabini,720.64,382.87,236.09,48.56,21.29,2.52
Malasiqui,497.31,324.05,202.47,15.24,5.31,2.44
Manaoag,541.87,337.14,229.53,24.81,10.47,2.57
Mangaldan,509.94,324.44,211.26,48.19,16.48,2.34
Mangatarem,556.37,351.53,251.18,70.15,28.01,3.29
Mapandan,509.31,324.93,212.33,25.22,6.95,2.53
Natividad,495.39,319.63,246.13,133.92,87.31,12.98
Pozzorubio,601.89,365.8,237.85,54.62,26.97,2.99
Rosales,533.34,343.91,212.04,49.33,15.6,3.19
San Carlos City,484.43,311,193.37,26.27,6.98,2.48
San Fabian,565.71,350.62,212.13,48.21,23.7,2.55
San Jacinto,547.94,339.85,225.62,43.55,18.21,2.56
San Manuel,611.09,362.54,247.48,73.28,36.43,6.11
San Nicolas,542.93,331.67,250.49,119.92,75.57,10.62
San Quintin,497.04,331.21,240.41,106.28,60.23,12.23
Santa Barbara,472.88,311.96,193.65,32.38,7.86,2.53
Santa Maria,537.9,351.5,218.03,36.18,7.86,4.92
Santo Tomas,533.37,343.92,209.43,43.13,8.11,2.4
Sison,649.62,381.94,244.66,82.69,45.59,4.69
Sual,688.06,371.75,230.45,66.99,23.31,2.43
Tayug,553.02,346.67,226.37,55.83,17.16,7.66
Umingan,493.58,339.84,226.2,87.6,44.65,10.81
Urbiztondo,525.61,346.2,215.06,28.29,6.19,2.71
Urdaneta City,523.95,341.94,220.41,23.91,6,2.65
Villasis,530.83,344.51,213.92,26.14,6.62,2.53
Quezon,226.66,306.74,416.56,382.03,381.71,136.94
Agdangan,160.3,303.05,361.22,358.21,348.98,116.38
Alabat,191.37,261.53,509.29,493.52,628.28,189.48
Atimonan,178.92,293.1,425.87,422.52,455.28,152.57
Buenavista,225.56,364.58,394.68,337.59,403.26,142.83
Burdeos,161.99,217.61,481.97,449.44,415.2,175.94
Calauag,199.84,282.53,468.65,471.33,535.93,162.33
Candelaria,229.12,275.59,343.51,252.64,230.14,70.27
Catanauan,203.62,345.31,341.71,323.7,344.94,121.51
Dolores,262.31,282.4,333.97,259.24,228.27,64.92
General Luna,182.81,341.08,367.29,368.48,398.73,137.89
General Nakar,342.42,351.58,465.44,441.25,306.2,145.55
Guinayangan,224.58,335.2,458.36,420.8,497.54,161.37
Gumaca,179.84,330.58,431.29,414.84,484.49,155.08
Hinunangan,158.02,190.29,255.14,348.12,442.34,490.32
Infanta,232.47,320.75,547.23,521.4,371.55,286.25
Jomalig,107.51,201.78,462.89,433.81,491.33,190.91
Lopez,205.59,342.84,423.76,405.34,464.49,152.53
Lucban,246.4,308.69,401.02,362.8,328.75,97.32
Lucena City,163.68,272.74,355.55,309.73,291.77,82.28
Macalelon,170.94,343.26,389.9,394.72,441.45,141.58
Mauban,218.72,293.98,422.93,406.36,407.14,125.3
Mulanay,244.52,331.5,314.48,261.3,282.79,94.36
Padre Burgos,162.33,296.4,382.02,379.39,382.98,134.98
Pagbilao,176.66,277.79,373.1,342.89,342.68,102.25
Panukulan,190.51,243.82,476.41,452.19,396.59,170.14
Patnanungan,139.55,204.71,461.24,435.48,438.64,167.05
Perez,191.77,265.29,459.77,458.51,544.69,158.07
Pitogo,162.47,330.49,397.84,402.1,431.63,144.58
Plaridel,175.86,317,462.83,433.69,529.89,168
Polillo,169.97,248.87,481.68,447.5,435.64,173.09
Quezon,184.53,270.04,507.54,490.11,602.55,178.46
Real,278.34,338.37,455.7,419.74,357.81,152.87
Sampaloc,241.92,313.51,395.27,382.83,368.84,109.47
San Andres,402.9,388.65,302.07,180.84,160.25,60.11
San Antonio,260.75,265.73,295.03,181.29,164.22,55.57
San Francisco,273.46,308.65,281.32,172.76,162.17,69.76
San Narciso,302.84,368.6,335.57,259.4,286.38,97.41
Sariaya,191.26,265.83,342.68,279.74,263.77,76.72
Tagkawayan,234.73,329.1,514.54,491.24,562.24,192.02
Tayabas City,205.24,289.6,409.04,351.83,334.39,91.19
Tiaong,246.39,270.13,310.62,207.8,185.81,59.51
Unisan,162.23,320.47,413.32,409.69,442.49,150.5
Quirino,286.06,339.39,362.97,343.46,226.17,84.21
Aglipay,272.85,328.03,346.89,300.57,188.62,75.29
Cabarroguis,298.05,330.07,336.85,277.67,181.46,67.61
Diffun,277.58,309.2,307.15,253.4,169.22,57.69
Maddela,257.46,339.44,401.72,439.17,312.87,105.2
Nagtipunan,308,354.67,366.71,337.39,209.14,85.14
Saguday,265.39,301.02,304.11,247.51,157.91,61.63
Rizal,437.71,416.55,329.78,274.06,224.14,55.56
Angono,505.41,476.49,279.62,208.33,156.94,24.32
Antipolo City,461.81,425.48,341.37,266.09,207.52,58.67
Baras,422.53,422.57,323.49,255.27,234.98,55.78
Binangonan,404.03,410.13,282.8,275.06,234.04,38.6
Cainta,508.78,459.55,270.12,153.35,101.51,21.89
Cardona,386.93,395.5,293.99,288.57,250.11,45.12
Jala-Jala,325.11,357.6,329.99,315.37,285.02,67.37
Morong,450.3,444.63,297.37,221.71,199.35,42.15
Pililla,367.24,375.56,338.99,306.24,283.8,66.35
Rodriguez,480.45,423.11,371.84,325.98,232.31,68.06
San Mateo,501.84,444.58,305.76,227.63,164.71,37
Tanay,392.1,387.16,364.01,301.88,268.36,77.56
Taytay,513.85,475.03,267.03,181.08,133.51,18.59
Teresa,476.45,457.51,298.73,206.08,170.4,35.36
Romblon,312.05,258.72,348.72,234.27,174.61,88.33
Alcantara,360.45,277.77,353.57,221.14,170.01,75.81
Banton,193.89,242.5,300.3,234.97,164.09,75.41
Cajidiocan,298.46,241.59,374.98,244.17,186.98,117.7
Calatrava,291.01,235.19,340.75,239.43,170.4,84.46
Concepcion,174.11,234.23,302.37,266.79,177.21,73.62
Corcuera,208.97,226.54,290.82,231.47,153.38,81.21
Ferrol,378.36,317.32,337.32,205.32,164.98,61.49
Looc,353.48,286.35,332.75,221.02,175.53,72.69
Magdiwang,307.33,240.7,394.38,241.67,173.1,111.83
Odiongan,375.07,291.32,352.13,214.84,171.19,68.72
Romblon,249.04,249.58,357.17,236.18,173.01,98.36
San Agustin,310.73,247.29,356.39,233.31,170.58,85.38
San Andres,314.14,246.26,326.72,228.73,172.53,77.94
San Fernando,320.48,250.58,385.01,250.16,188.02,110.36
San Jose,373.31,288.49,307.42,269.5,200.46,96.71
Santa Fe,323.91,257.78,300.47,234.31,170.27,80.87
Santa Maria,355.19,269.48,358.3,221.71,167.28,79.49
Samar,240.12,265.37,353.7,411.55,514.05,375.71
Almagro,237.14,251.37,313.98,336.55,384.6,295.14
Basey,213.14,230.95,323.98,431.35,562.45,413.75
Calbayog City,241.66,300.86,365.79,407.58,508.26,358.16
Calbiga,235.04,247.24,346.52,435.64,566.39,387.28
Catbalogan City,258.78,268.86,359.57,357.28,424.84,331.17
Daram,224.37,251.74,359.33,347.89,427.58,350.95
Gandara,253.38,290.95,370.36,421.91,516.32,375.12
Hinabangan,245.49,254.66,347.49,465.62,593.49,403.92
Jiabong,273.11,267.81,369.37,378.02,462.28,340.7
Marabut,195.35,207.43,307.56,415.67,551.3,434.21
Matuguinao,253.29,298.11,410.12,479.65,588.06,422.72
Motiong,264.76,268.66,363.88,409.18,503.92,364.01
Pagsanghan,256.83,279.43,356.05,395.51,457.33,348.19
Paranas,252.84,264.22,370.2,451.27,556.4,396.5
Pinabacdao,231.75,248.76,341.04,430.21,558.5,390.81
San Jorge,266.81,283.53,367.16,412.22,502.18,365.32
San Jose de Buan,274.26,292.09,394.68,463.62,572.55,401.56
San Sebastian,226.47,249.95,356.62,402.96,522.44,361
Santa Margarita,239.69,295.99,356.12,396.98,494.62,344.23
Santa Rita,210.08,236.5,323.04,399.99,518.57,396.73
Santo Nino,258.82,262.52,345.85,328.92,381.45,293.52
Tagapul-An,181.6,221.5,242.46,259.34,329.25,250.5
Talalora,227.39,246.17,374.57,390.38,490.54,372.42
Tarangnan,236.84,269.06,313.33,345.49,411.57,344.47
Villareal,219.45,245.82,349.92,402.59,507.1,377.43
Zumarraga,237.07,253.69,380.26,352.94,424.36,331.21
Sarangani,156.43,148,176.91,160.1,135.91,125.7
Alabel,127.86,132.94,154.19,129.21,137.68,121.89
Glan,144.29,124.86,162.58,165.49,135.89,140.19
Kiamba,192.92,171.51,201.81,207.04,147.8,109.8
Maasim,154.65,135,172.29,133.38,85.24,121.31
Maitum,216,200.45,228.95,192.17,147.53,111.37
Malapatan,134.37,129.08,168.21,159.82,155.09,144.66
Malungon,149.19,164.6,172.01,145.17,143.66,120.17
Shariff Kabunsuan,257.73,280.98,291.67,220.63,160.42,113.28
Barira,314.56,333.98,293.81,246.54,191.07,131.51
Buldon,307.12,327.69,297.39,257.16,210.1,134.01
Datu Blah T. Sinsuat,264.44,281.2,322.78,233.74,156.11,104.22
Datu Odin Sinsuat,232.73,252.25,293.59,188.72,127.29,96.37
Kabuntalan,186.6,219.09,261.77,210.73,152.45,105.41
Matanog,346.47,361.9,323.33,253.94,196.33,130.42
Northern Kabuntalan,181.37,210.31,253.28,207.59,160.6,111.92
Parang,274.64,304.7,285.12,222.83,167.43,123.98
Sultan Kudarat,233.33,264.6,270.43,196.5,141.69,118.03
Sultan Mastura,248.18,286.57,274.64,204.56,151.89,118.22
Upi,243.29,264.74,291.9,207.18,136.5,98.52
Siquijor,144.01,126.83,177.19,183.37,130.24,116.51
Enrique Villanueva,138.84,119.83,177.35,178.33,128.27,111.87
Larena,142.38,121.92,175.56,179.67,129.96,113.6
Lazi,143.2,129.76,178.81,183.92,126.98,121.68
Maria,134.12,125.17,170.36,192.32,130.19,120.7
San Juan,157.51,140.21,187.13,179.56,132.42,115.25
Siquijor,150.27,127.19,177.8,183.05,132.39,115.64
Sorsogon,201.65,272.49,362.54,357.35,457.53,299.09
Barcelona,162.2,248.11,333.64,367.91,517.08,320.75
Bulan,194.4,263.66,351.04,345.81,434.49,288.27
Bulusan,214.22,268.69,409.94,382.73,518.99,324.03
Casiguran,212.86,276.12,388.56,371.45,501.34,350.86
Castilla,197.17,270.64,324.16,321.86,398.46,261.03
Donsol,216.13,308.72,339.08,335.15,389.63,226.14
Gubat,148.14,249.11,332.76,370.05,503.23,321.95
Irosin,217.78,277.58,402.15,371.24,484.67,317.48
Juban,225.75,285.86,390.36,376.99,487.66,337.82
Magallanes,210.29,283.4,374.19,370.16,468.55,304.15
Matnog,198.99,266.7,370.17,365.27,462.89,303.25
Pilar,206.6,290.74,326.75,330.69,382.12,241.95
Prieto Diaz,166.53,250.92,360.09,379.09,489.84,328.64
Santa Magdalena,194.97,275.82,382.99,377.85,489.18,313.07
Sorsogon City,210.69,257.07,375.83,356.67,471.13,322.09
South Cotabato,192.43,185.9,182.19,144.42,117.32,106.92
Banga,193.94,186.21,171.95,114.28,100.62,101.65
General Santos City,113.1,128.16,134.36,88.99,73.38,104.55
Koronadal City,211.18,198.83,194.05,126.96,115.56,99.26
Lake Sebu,232.37,213.85,215.44,197.4,145.3,115.41
Norala,213.79,188.59,178.28,119.55,99.4,97.02
Polomolok,132.41,154.64,147.34,96.14,79.23,105.01
Santo Nino,209.02,193.37,191.3,118.76,92.5,102.27
Surallah,209.08,197.09,191.9,140.95,113.97,107.64
Tampakan,196.93,205.32,193.01,172.08,153.54,105.6
Tantangan,238.01,193.23,187.42,127.27,112.6,94.27
T'Boli,175.25,168.13,166.15,164.33,126.92,113.72
Tupi,187.7,198.7,193.99,144.14,126.73,106.62
Southern Leyte,224.08,225.57,289.74,345.21,465.17,429
Anahawan,231.19,202.15,314.94,362.54,501.58,457.71
Bontoc,234.43,225.83,294.48,333.33,417.44,381.53
Hinunangan,219.83,206.74,301.43,380.15,491.79,445.49
Hinundayan,202.23,200.51,292.13,367.55,494.35,459.41
Libagon,230.74,214.79,303.94,359.66,479.42,429.73
Liloan,214.69,220.27,281.9,332.89,493.62,460.78
Limasawa,150.35,257.23,229.73,307.09,469.44,436.24
Maasin City,245.61,257.29,278.25,297.48,385.24,352.79
Macrohon,200.78,242.13,252.85,287.17,400.91,402.05
Malitbog,229.83,238.02,270.08,306.64,440.73,387.08
Padre Burgos,207.51,255.18,261.28,300.61,443.27,407.78
Pintuyan,200.05,237.59,265.77,318.4,474.49,493.07
Saint Bernard,232.06,213.31,309.31,365.21,490.97,432.65
San Francisco,212.18,243.29,279.78,333.12,502.8,471.74
San Juan,209.29,196.82,290.25,344.48,460.47,457.33
San Ricardo,213.1,250.84,283.95,332.96,506.91,501.64
Silago,226.56,206.17,302.61,409.16,503.14,466.86
Sogod,243.61,217.5,318.9,390.14,484.79,430.59
Tomas Oppus,236.58,228.81,283.89,325.14,432.43,380.13
Sultan Kudarat,235.94,227.85,241.09,193.59,129.72,108.95
Bagumbayan,237.27,221.14,221.91,193.56,132.51,106.56
Buluan Lake,240.07,188.77,165.62,158.95,144.91,95.81
Columbio,212.4,219.05,209.25,158.12,146.06,112.75
Esperanza,230.8,232.76,262.13,203.02,134.29,102.86
Isulan,231.07,226.32,233.36,213.9,143.9,104.49
Kalamansig,265.89,280.34,326.57,250.78,134.58,117.15
Lambayong,217.45,202.13,203.28,134.92,89.57,96.44
Lebak,236.9,249.53,304.82,227.02,129.46,113.5
Lutayan,221.65,192.44,179.61,137.71,126.82,98.3
Palimbang,248.49,239.27,285.35,223.76,137.1,119.81
President Quirino,261.15,191.26,172.83,124,106.64,95.56
Sen. Ninoy Aquino,229.79,226.56,201.99,199.05,111.66,115.9
Tacurong City,247.22,192.01,180.02,128.83,102.37,95.62
Sulu,134.9,160.21,217.24,179.34,140.87,111.3
Hadji Panglima Tahil,134.12,166.42,223.3,181.97,141.25,98.68
Indanan,160.5,197.13,271.34,183.26,152.26,127.34
Jolo,164.77,199.48,269.52,192.84,154.27,129.31
Kalingalan Caluang,139.21,156.47,200.48,181.85,131.93,118.11
Lugus,114.27,147.61,208.64,151.44,115.17,100.21
Luuk,140.93,157.51,205.7,180.63,119.6,116.92
Maimbung,153.93,187.12,255.05,185.29,146.21,126.65
Old Panamao,145.8,161.96,212.82,182.73,131.68,115.66
Pandami,109.99,138.28,193.55,172.84,143.72,90.88
Panglima Estino,148.57,165.95,220.23,181.63,133.98,117.24
Pangutaran,119.28,153.75,221.68,195.56,171.29,84.79
Parang,139.64,175.83,241.38,172.85,152.44,115.87
Pata,134.57,159.43,221.64,171.02,139.08,118.85
Patikul,166.36,193.75,266.72,190.36,144.32,122.96
Siasi,115.37,132.38,191.72,161.59,121.53,126.53
Talipao,147.84,175.73,231.84,184.21,137.63,123.22
Tapul,121.81,150.37,205.13,173.62,131.1,109.94
Tongkil,146.09,150.29,180.1,163.58,119.9,133.51
Surigao del Norte,181.19,187.74,244.05,357.47,515.53,543.75
Alegria,211.6,183.74,252.43,365.41,577.2,556.62
Bacuag,184.13,173,249.62,360.41,534.45,556.89
Burgos,196.98,229.64,246.31,365.06,519.53,545.7
Claver,219.1,183.17,256.54,364.21,571.41,564.27
Dapa,159.35,192.38,224.51,351.39,484.62,518.71
Del Carmen,166.91,185.63,233.78,352.29,465.76,532.14
General Luna,154.88,204.01,219.2,356.21,494.25,529.48
Gigaquit,200.9,178.68,259.69,364.44,557.54,557.67
Mainit,187.54,179.36,248.42,357.2,543.06,540.76
Mainit Lake,171.79,178.38,230.2,363.87,556.6,545.5
Malimono,195.61,188.83,257.15,338.33,515.94,525.58
Pilar,177.99,200.5,233.89,353.88,490.94,530.34
Placer,168.13,170.93,241.79,356.72,501.13,543.36
San Benito,192.19,214.87,237.92,359.3,517.49,562.78
San Francisco,192.32,198.87,277.56,348.69,485.18,509.6
San Isidro,190.85,210.85,238.92,357.11,496.7,547.49
Santa Monica,199.11,222.9,245.63,356.01,516.74,549.28
Sison,183.13,181.67,254.84,352.88,498.78,527.68
Socorro,158.74,183.52,226.48,352.2,487.53,533.44
Surigao City,158.41,190.65,246.32,359.45,488.16,553.06
Tagana-An,152.7,171.93,229.38,367.92,502.58,544.82
Tubod,182.9,175.23,243.25,360.74,539.81,550.38
Surigao del Sur,233.18,216.93,240.04,347.13,564.78,602.29
Barobo,261.72,245.37,258.98,349.1,587.71,614.07
Bayabas,202.98,189.26,215.77,341.68,534.74,628.9
Bislig City,241.52,250.89,273.5,343.07,573.92,597.09
Cagwait,228.59,193.2,224.37,345.59,556.17,629.26
Cantilan,211.27,198.98,234.74,351.23,562.03,571.13
Carmen,225.48,220.5,233.73,345.19,586.8,587.3
Carrascal,222.74,190.4,251.24,361.11,582.1,569.6
Cortes,199.3,184.11,222.45,350.8,536.79,557.51
Hinatuan,232.86,224.24,243.24,359.93,614.87,610.16
Lanuza,217.75,209.2,229.15,349.18,564.65,578.9
Lianga,274.74,236.52,248.92,339.9,553.96,615.35
Lingig,213.61,218.62,266.78,346.52,515.85,568.12
Madrid,222.94,217,236.33,344.93,590.19,587.57
Marihatag,248.92,200.21,220.48,349.19,570.81,632.45
San Agustin,256.03,215.22,228.75,355.68,560.17,622.74
San Miguel,243.87,218.47,238.74,331.51,539.56,625.41
Tagbina,263.57,266.12,262.22,349.52,596.54,608.21
Tago,228.39,209.71,222.66,335.69,546.08,631.1
Tandag City,217.95,214.64,228.36,344.03,545.58,604.92
Tarlac,584.4,390.62,215.01,63.78,19.34,3.65
Anao,531.98,375.81,199.6,49.56,10.24,2.96
Bamban,718.91,486.27,226.18,81.44,30.93,3.83
Camiling,567.24,360.04,222.61,50.72,15.28,2.79
Capas,654.33,433.84,219.82,76.32,22.07,3.37
Concepcion,524.81,390.31,203.28,67.43,21.04,6.23
Gerona,509.64,377.11,194.72,34.06,6.84,3.19
La Paz,492.08,377.99,202.79,69.28,16.31,6.27
Mayantoc,654.69,379.92,244,82.85,31.89,3.12
Moncada,538.83,376.37,201.39,43.19,9.13,2.58
Paniqui,535.28,381.08,200,33.58,7.01,2.55
Pura,512.78,384.95,194.88,41.22,7.15,3.51
Ramos,528.61,386.09,196.78,42.8,7.19,2.93
San Clemente,572.15,358.69,236.5,63.04,24.46,3.05
San Jose,661.87,389.75,233.53,85.74,29.78,3.01
San Manuel,532.65,353.58,206.31,50.29,10.36,2.87
Santa Ignacia,570.92,364.57,214.4,49.76,13.43,2.62
Tarlac City,469.37,360.67,188.9,58.09,15.63,5.3
Victoria,495.17,377.11,194.62,45.69,9.26,5.07
Tawi-Tawi,120.9,143.58,190.18,186.2,205.51,139.55
Bongao,125.32,142.59,217.85,176.94,196.52,136.57
Languyan,112.51,134.38,215.74,190.25,188.16,99.82
Mapun,170.78,196.26,179.54,248.34,308.63,263.1
Panglima Sugala,116.06,133.96,205.01,175.57,186.49,123.2
Sapa-Sapa,115.05,134.84,187.61,167.86,192.12,120.33
Sibutu,117.8,143.81,156.97,182.66,204.2,121.72
Simunul,128.27,139.9,170.5,173.22,208.18,136.46
Sitangkai,122.13,150.82,151.31,185.54,203.96,112.51
South Ubian,104.21,123.99,167.48,163.68,166.01,140.75
Tandubas,106.99,132.78,192.68,186.56,191.99,115.01
Turtle Islands,160.89,213.25,190.43,237.24,343.13,366.58
Zambales,787.67,446.27,254.8,70.64,29.66,2.72
Botolan,802.95,451.31,262.47,76.72,22.29,2.38
Cabangan,812.56,443.13,270.99,72.52,19.17,2.13
Candelaria,727.39,387.53,261.76,74.38,33.15,3.06
Castillejos,823.71,498.72,229.45,73.8,33.05,2.42
Iba,857.69,487.06,281.2,62.64,29.39,2.64
Masinloc,789.26,421.48,285.16,70.15,28.08,2.83
Olongapo City,795.97,486.3,231.46,89.64,54.15,2.95
Palauig,835.68,458.56,288.96,63.92,29.87,2.77
San Antonio,813.38,518.77,232.82,48.58,20.71,2.41
San Felipe,810.79,447.3,251.4,53.87,13.7,1.97
San Marcelino,777.82,432.28,238.42,83.15,36.42,2.68
San Narciso,824.92,468.97,243.88,44.79,14.11,1.9
Santa Cruz,697.27,377.84,237.44,56.34,23.62,3.52
Subic,804.65,495.27,238.51,85.49,47.04,2.87
Zamboanga del Norte,304.44,255.26,338.85,286.85,219.06,125.83
Bacungan,345.81,309.84,340.06,295.67,202.89,112.64
Baliguian,379.47,277.16,412.84,261.34,201.98,106.29
Dapitan City,226.55,195.1,289.27,330.88,266.6,156.34
Dipolog City,264.34,220.45,314.64,349.15,302.57,160.99
Godod,343.16,295.1,346.44,290.77,197.66,128.29
Gutalac,345.09,261.96,364.98,242.32,185.09,114.16
Jose Dalman,289.16,259.07,333.79,300.02,223.76,123.67
Kalawit,333.63,258.19,333.53,235.55,172.08,121.14
Katipunan,284.65,235.73,329.39,346.54,284.09,150.88
La Libertad,232.18,204.25,287.04,360.45,279.52,160.41
Labason,336.49,259.73,346.76,232.25,176.15,117.57
Liloy,311.1,266.77,331.51,254.8,174.52,118.47
Manukan,286.49,248.16,333.54,315.68,250.35,133.99
Mutia,270.29,228.45,305.66,359.29,303.75,168.32
Pinan,262.43,223.54,311.2,356.9,299.46,161.74
Polanco,253.91,212.83,308.34,356.25,303.48,161.58
Pres. Manuel A. Roxas,286.64,239.82,333.04,340.05,276.59,147.33
Rizal,214.83,185.69,276.84,347.06,260.53,154.74
Salug,315.85,285.34,336.57,271.75,176.69,117.96
Sergio Osmena Sr.,292.48,254.88,329.68,337.26,290.95,157.29
Siayan,323.98,290.39,341.47,295.33,222.09,120.77
Sibuco,225.03,234.7,305.66,178.59,106.3,84.6
Sibutad,221.8,186.29,285.11,325.21,249.69,151.11
Sindangan,307.65,284.13,332.02,271.73,182.29,108.14
Siocon,406.26,278.09,435.57,278.11,225.96,94.99
Sirawai,375.38,270.89,413.16,258.48,202.3,89.41
Tampilisan,338.19,273.3,340.61,251.58,169.81,126.41
Zamboanga del Sur,309.81,282.04,317.33,252.53,206.06,132.41
Aurora,332.83,306.03,348.99,280.49,253.05,170.9
Bayog,357.59,313.01,355.01,312.15,225.29,130.13
Dimataling,365.25,302.13,290,224.26,182.82,129.54
Dinas,357.92,311.66,298.12,226.8,195.07,133.57
Dumalinao,365.6,321.28,337.43,249.27,220.82,139.64
Dumingag,298.31,271.75,335.1,300.68,249.02,140.63
Guipos,358.22,319.54,322.67,242.92,212.49,135.48
Josefina,287.03,268.96,327.99,332.75,303.22,186.7
Kumalarang,346.96,312.96,349.66,273.89,223.17,133.78
Labangan,338.05,307.69,365.81,271.75,236.74,148.1
Lakewood,362.3,318.03,358.73,303.52,236.04,133.53
Lakewood Lake,356.49,317.6,355,303,235.35,134.93
Lapuyan,354.56,310.72,321.91,252.1,216.35,134.37
Mahayag,287.8,270.83,336.84,315.77,269.19,163.88
Margosatubig,338.85,292.5,289.19,223.42,186.47,131.86
Midsalip,324.43,295.2,346.91,290.7,242.34,136.69
Molave,277.75,268.93,331.02,316.14,269.94,171.91
Pagadian City,348.69,312.45,358.06,276.73,234.56,141.63
Pitogo,348.51,287.59,272.05,227.68,168.54,124.61
Ramon Magsaysay,299.87,288.67,347.92,279.18,253.09,159.85
San Miguel,349.92,315.35,310.58,248.76,218.03,134.94
San Pablo,374.8,325.07,317.93,234.53,203.86,137.11
Sominot,309.79,285.73,347.41,287.03,249.69,148.52
Tabina,360.53,302.74,288.65,234.63,166.26,122.15
Tambulig,292.07,282.42,340.75,303.38,277.63,184.91
Tigbao,353.43,319.28,348.83,278.11,234.39,137
Tukuran,340.09,308.6,354.59,269.86,238.97,158.43
Vincenzo A. Sagun,350.38,288.42,295.23,217.47,185.93,130.96
Zamboanga City,202.77,204.93,247.27,165.89,107.33,84.25
Zamboanga Sibugay,321.73,272.68,305.38,228.02,187.85,126.35
Alicia,308.3,276.24,253.01,194.16,196.1,133.86
Buug,344.23,310.93,344.53,267.9,221.66,132.06
Diplahan,336.7,297.08,323.07,273.71,208.16,133.3
Imelda,333.43,290.62,297.99,227.79,201.25,133.97
Ipil,324.21,264.82,323.33,224.82,172.78,123.42
Kabasalan,347.13,291.23,344.53,280.14,207.2,135.15
Mabuhay,293.71,270.7,238.35,183.47,182.56,130.74
Malangas,331.09,290.93,294.07,232.37,204.89,131.99
Naga,331.68,269.93,333.59,251.81,181.32,132.69
Olutanga,266.98,251.6,240.42,181.42,159.08,127.79
Payao,309.15,269.79,263.46,205.88,194.7,133.68
Roseller Lim,331.48,256.95,336.23,218.58,175.84,113.3
Siay,327.3,283.25,305.18,253.77,195.14,133.48
Talusan,278.67,262.99,238.64,179.39,171.8,128.02
Titay,335.29,267.57,333.99,234.47,169.61,125.63
Tungawan,316.18,245.05,331.49,213.93,172.35,101.64
